146,8021XK,Iepenstraat,64,,ALG1002
147,8021XK,Iepenstraat,66,,ALG1002
148,8021XK,Iepenstraat,68,,ALG1002
149,8021XK,Iepenstraat,70,,ALG1002
150,8021XK,Iepenstraat,72,,ALG1002
151,8021XK,Iepenstraat,74,,ALG1002
152,8021XK,Iepenstraat,76,,ALG1002
153,8021XK,Iepenstraat,78,,ALG1002
154,8021XL,Iepenstraat,84,,ALG1002
155,8021XL,Iepenstraat,86,,ALG1002
157,8021XL,Iepenstraat,90,,ALG1002
158,8021XL,Iepenstraat,92,,ALG1002
160,8021XL,Iepenstraat,96,,ALG1002
163,8021XL,Iepenstraat,102,,ALG1002
164,8021XL,Iepenstraat,104,,ALG1002
165,8021XL,Iepenstraat,106,,ALG1002
166,8021XL,Iepenstraat,108,,ALG1002
168,8021XL,Iepenstraat,112,,ALG1002
169,8021XL,Iepenstraat,114,,ALG1002
172,8021XL,Iepenstraat,120,,ALG1002
174,8021XL,Iepenstraat,124,,ALG1002
175,8021XL,Iepenstraat,126,,ALG1002
177,8021ZB,Populierenstraat,14,,ALG1002
178,8021ZA,Populierenstraat,15,,ALG1002
179,8021ZB,Populierenstraat,16,,ALG1002
180,8021ZA,Populierenstraat,17,,ALG1002
181,8021ZB,Populierenstraat,18,,ALG1002
182,8021ZA,Populierenstraat,19,,ALG1002
183,8021ZB,Populierenstraat,20,,ALG1002
184,8021ZA,Populierenstraat,21,,ALG1002
186,8021ZA,Populierenstraat,23,,ALG1002
187,8021ZB,Populierenstraat,24,,ALG1002
188,8021ZA,Populierenstraat,25,,ALG1002
190,8021ZA,Populierenstraat,27,,ALG1002
191,8021ZB,Populierenstraat,28,,ALG1002
193,8021ZB,Populierenstraat,30,,ALG1002
194,8021ZA,Populierenstraat,31,,ALG1002
195,8021ZB,Populierenstraat,32,,ALG1002
196,8021ZA,Populierenstraat,33,,ALG1002
198,8021ZA,Populierenstraat,35,,ALG1002
199,8021ZB,Populierenstraat,36,,ALG1002
201,8021ZB,Populierenstraat,38,,ALG1002
202,8021ZB,Populierenstraat,40,,ALG1002
204,8021ZB,Populierenstraat,44,,ALG1002
205,8021XX,Wilgenstraat,32,,ALG1002
206,8021XX,Wilgenstraat,34,,ALG1002
207,8021XX,Wilgenstraat,36,,ALG1002
209,8021XX,Wilgenstraat,40,,ALG1002
211,8021XX,Wilgenstraat,44,,ALG1002
212,8021XX,Wilgenstraat,46,,ALG1002
213,8021XX,Wilgenstraat,48,,ALG1002
214,8021XX,Wilgenstraat,50,,ALG1002
216,8021XZ,Wilgenstraat,58,,ALG1002
217,8021XZ,Wilgenstraat,60,,ALG1002
218,8021XZ,Wilgenstraat,62,,ALG1002
219,8021XZ,Wilgenstraat,64,,ALG1002
221,8021XZ,Wilgenstraat,68,,ALG1002
223,8021XZ,Wilgenstraat,72,,ALG1002
225,8021XZ,Wilgenstraat,76,,ALG1002
247,8014VD,Democratenlaan,1,,ALG1003
248,8014VD,Democratenlaan,3,,ALG1003
249,8014VD,Democratenlaan,5,,ALG1003
250,8014VD,Democratenlaan,7,,ALG1003
251,8014VD,Democratenlaan,9,,ALG1003
252,8014VD,Democratenlaan,11,,ALG1003
253,8014VD,Democratenlaan,13,,ALG1003
254,8014VD,Democratenlaan,15,,ALG1003
255,8014VD,Democratenlaan,17,,ALG1003
256,8014VD,Democratenlaan,19,,ALG1003
257,8014VD,Democratenlaan,21,,ALG1003
258,8014VD,Democratenlaan,23,,ALG1003
259,8014VD,Democratenlaan,25,,ALG1003
260,8014VD,Democratenlaan,27,,ALG1003
261,8014VD,Democratenlaan,29,,ALG1003
262,8014VD,Democratenlaan,31,,ALG1003
263,8014VD,Democratenlaan,33,,ALG1003
264,8014VD,Democratenlaan,35,,ALG1003
265,8014VD,Democratenlaan,37,,ALG1003
266,8014VD,Democratenlaan,39,,ALG1003
267,8014VD,Democratenlaan,41,,ALG1003
268,8014VD,Democratenlaan,43,,ALG1003
269,8014VD,Democratenlaan,45,,ALG1003
270,8014VE,Democratenlaan,47,,ALG1003
271,8014VE,Democratenlaan,49,,ALG1003
272,8014VE,Democratenlaan,51,,ALG1003
273,8014VE,Democratenlaan,53,,ALG1003
274,8014VE,Democratenlaan,55,,ALG1003
275,8014VE,Democratenlaan,57,,ALG1003
276,8014VE,Democratenlaan,59,,ALG1003
277,8014VE,Democratenlaan,61,,ALG1003
278,8014VE,Democratenlaan,63,,ALG1003
279,8014VE,Democratenlaan,65,,ALG1003
280,8014VE,Democratenlaan,67,,ALG1003
281,8014VE,Democratenlaan,69,,ALG1003
282,8014VE,Democratenlaan,71,,ALG1003
283,8014VE,Democratenlaan,73,,ALG1003
284,8014VG,Democratenlaan,77,,ALG1003
285,8014VG,Democratenlaan,79,,ALG1003
286,8014VG,Democratenlaan,81,,ALG1003
287,8014VG,Democratenlaan,83,,ALG1003
288,8014VG,Democratenlaan,85,,ALG1003
289,8014VG,Democratenlaan,87,,ALG1003
290,8014VG,Democratenlaan,89,,ALG1003
291,8014VG,Democratenlaan,91,,ALG1003
292,8014VG,Democratenlaan,93,,ALG1003
293,8014VG,Democratenlaan,95,,ALG1003
294,8014VG,Democratenlaan,97,,ALG1003
295,8014VG,Democratenlaan,99,,ALG1003
296,8014VG,Democratenlaan,101,,ALG1003
297,8014VG,Democratenlaan,103,,ALG1003
298,8014VG,Democratenlaan,105,,ALG1003
299,8014VG,Democratenlaan,107,,ALG1003
300,8014VG,Democratenlaan,109,,ALG1003
301,8014VG,Democratenlaan,111,,ALG1003
302,8014VG,Democratenlaan,113,,ALG1003
303,8014VG,Democratenlaan,115,,ALG1003
304,8014VG,Democratenlaan,117,,ALG1003
305,8014VG,Democratenlaan,119,,ALG1003
306,8014VH,Democratenlaan,121,,ALG1003
307,8014VH,Democratenlaan,123,,ALG1003
308,8014VH,Democratenlaan,125,,ALG1003
309,8014VH,Democratenlaan,127,,ALG1003
310,8014VH,Democratenlaan,129,,ALG1003
311,8014VH,Democratenlaan,131,,ALG1003
312,8014VH,Democratenlaan,133,,ALG1003
313,8014VH,Democratenlaan,135,,ALG1003
314,8014VH,Democratenlaan,137,,ALG1003
315,8014VH,Democratenlaan,139,,ALG1003
316,8014VH,Democratenlaan,141,,ALG1003
317,8014VH,Democratenlaan,143,,ALG1003
318,8014VH,Democratenlaan,145,,ALG1003
319,8014VH,Democratenlaan,147,,ALG1003
320,8014VH,Democratenlaan,149,,ALG1003
321,8014VH,Democratenlaan,151,,ALG1003
322,8014VH,Democratenlaan,153,,ALG1003
323,8014VH,Democratenlaan,155,,ALG1003
324,8014VH,Democratenlaan,157,,ALG1003
325,8014VH,Democratenlaan,159,,ALG1003
326,8014VH,Democratenlaan,161,,ALG1003
327,8014VJ,Democratenlaan,163,,ALG1003
328,8014VJ,Democratenlaan,165,,ALG1003
329,8014VJ,Democratenlaan,167,,ALG1003
330,8014VJ,Democratenlaan,169,,ALG1003
331,8014VJ,Democratenlaan,171,,ALG1003
332,8014VJ,Democratenlaan,173,,ALG1003
333,8014VJ,Democratenlaan,175,,ALG1003
334,8014VJ,Democratenlaan,177,,ALG1003
335,8014VJ,Democratenlaan,179,,ALG1003
336,8014VJ,Democratenlaan,181,,ALG1003
337,8014VJ,Democratenlaan,183,,ALG1003
338,8014VJ,Democratenlaan,185,,ALG1003
339,8014VJ,Democratenlaan,187,,ALG1003
340,8014VJ,Democratenlaan,189,,ALG1003
341,8014VJ,Democratenlaan,191,,ALG1003
342,8014VJ,Democratenlaan,193,,ALG1003
343,8014VJ,Democratenlaan,195,,ALG1003
344,8014VJ,Democratenlaan,197,,ALG1003
345,8014VJ,Democratenlaan,199,,ALG1003
346,8014VJ,Democratenlaan,201,,ALG1003
347,8014VJ,Democratenlaan,203,,ALG1003
348,8014VJ,Democratenlaan,205,,ALG1003
349,8014VJ,Democratenlaan,207,,ALG1003
350,8014VK,Regentenstraat,2,,ALG1003
351,8014VK,Regentenstraat,4,,ALG1003
352,8014VK,Regentenstraat,6,,ALG1003
353,8014VK,Regentenstraat,8,,ALG1003
354,8014VK,Regentenstraat,10,,ALG1003
355,8014VK,Regentenstraat,12,,ALG1003
356,8014VK,Regentenstraat,14,,ALG1003
357,8014VK,Regentenstraat,16,,ALG1003
358,8014VK,Regentenstraat,18,,ALG1003
359,8014VK,Regentenstraat,20,,ALG1003
360,8014VK,Regentenstraat,22,,ALG1003
361,8014VK,Regentenstraat,24,,ALG1003
362,8014VK,Regentenstraat,26,,ALG1003
363,8014VK,Regentenstraat,28,,ALG1003
364,8014VK,Regentenstraat,30,,ALG1003
365,8014VK,Regentenstraat,32,,ALG1003
366,8014VK,Regentenstraat,34,,ALG1003
367,8014VK,Regentenstraat,36,,ALG1003
368,8014VK,Regentenstraat,38,,ALG1003
369,8014VK,Regentenstraat,40,,ALG1003
370,8014VK,Regentenstraat,42,,ALG1003
371,8014VL,Regentenstraat,52,,ALG1003
372,8014VL,Regentenstraat,54,,ALG1003
373,8014VL,Regentenstraat,56,,ALG1003
374,8014VL,Regentenstraat,58,,ALG1003
375,8014VL,Regentenstraat,60,,ALG1003
376,8014VL,Regentenstraat,62,,ALG1003
377,8014VL,Regentenstraat,64,,ALG1003
378,8014VL,Regentenstraat,66,,ALG1003
379,8014VL,Regentenstraat,68,,ALG1003
380,8014VL,Regentenstraat,70,,ALG1003
381,8014VL,Regentenstraat,72,,ALG1003
382,8014VL,Regentenstraat,74,,ALG1003
383,8014VL,Regentenstraat,76,,ALG1003
384,8014VL,Regentenstraat,78,,ALG1003
385,8014VL,Regentenstraat,80,,ALG1003
386,8014VL,Regentenstraat,82,,ALG1003
387,8014VM,Regentenstraat,84,,ALG1003
388,8014VM,Regentenstraat,86,,ALG1003
389,8014VM,Regentenstraat,88,,ALG1003
390,8014VM,Regentenstraat,90,,ALG1003
391,8014VM,Regentenstraat,92,,ALG1003
392,8014VM,Regentenstraat,94,,ALG1003
393,8014VM,Regentenstraat,96,,ALG1003
394,8014VM,Regentenstraat,98,,ALG1003
395,8014VM,Regentenstraat,102,,ALG1003
396,8014VM,Regentenstraat,104,,ALG1003
397,8014VM,Regentenstraat,106,,ALG1003
398,8014VM,Regentenstraat,108,,ALG1003
399,8014VM,Regentenstraat,110,,ALG1003
400,8014VM,Regentenstraat,112,,ALG1003
401,8014VM,Regentenstraat,114,,ALG1003
402,8014VM,Regentenstraat,116,,ALG1003
403,8014VN,Regentenstraat,118,,ALG1003
404,8014VN,Regentenstraat,120,,ALG1003
405,8014VN,Regentenstraat,122,,ALG1003
406,8014VN,Regentenstraat,124,,ALG1003
407,8014VN,Regentenstraat,126,,ALG1003
408,8014VN,Regentenstraat,128,,ALG1003
409,8014VN,Regentenstraat,130,,ALG1003
410,8014VN,Regentenstraat,132,,ALG1003
411,8014VN,Regentenstraat,134,,ALG1003
412,8014VN,Regentenstraat,136,,ALG1003
413,8014VN,Regentenstraat,138,,ALG1003
414,8014VN,Regentenstraat,140,,ALG1003
415,8014VN,Regentenstraat,142,,ALG1003
416,8014VN,Regentenstraat,144,,ALG1003
417,8014VN,Regentenstraat,146,,ALG1003
418,8014VN,Regentenstraat,148,,ALG1003
419,8014VN,Regentenstraat,150,,ALG1003
420,8014VN,Regentenstraat,152,,ALG1003
226,8014VT,Van der Capellenstraat,1,,ALG1003
227,8014VT,Van der Capellenstraat,3,,ALG1003
228,8014VT,Van der Capellenstraat,5,,ALG1003
229,8014VT,Van der Capellenstraat,7,,ALG1003
230,8014VT,Van der Capellenstraat,9,,ALG1003
231,8014VT,Van der Capellenstraat,11,,ALG1003
232,8014VT,Van der Capellenstraat,13,,ALG1003
233,8014VT,Van der Capellenstraat,15,,ALG1003
234,8014VT,Van der Capellenstraat,17,,ALG1003
235,8014VT,Van der Capellenstraat,19,,ALG1003
236,8014VT,Van der Capellenstraat,21,,ALG1003
237,8014VT,Van der Capellenstraat,23,,ALG1003
238,8014VT,Van der Capellenstraat,25,,ALG1003
239,8014VT,Van der Capellenstraat,27,,ALG1003
240,8014VT,Van der Capellenstraat,29,,ALG1003
241,8014VT,Van der Capellenstraat,31,,ALG1003
242,8014VT,Van der Capellenstraat,33,,ALG1003
243,8014VT,Van der Capellenstraat,35,,ALG1003
244,8014VT,Van der Capellenstraat,37,,ALG1003
245,8014VT,Van der Capellenstraat,39,,ALG1003
246,8014VT,Van der Capellenstraat,41,,ALG1003
439,8021DG,Rembrandtlaan,101,,ALG1006
432,8021DG,Rembrandtlaan,101,A,ALG1006
440,8021DG,Rembrandtlaan,103,,ALG1006
433,8021DG,Rembrandtlaan,103,A,ALG1006
441,8021DG,Rembrandtlaan,105,,ALG1006
434,8021DG,Rembrandtlaan,105,A,ALG1006
442,8021DG,Rembrandtlaan,107,,ALG1006
435,8021DG,Rembrandtlaan,107,A,ALG1006
443,8021DG,Rembrandtlaan,109,,ALG1006
444,8021DG,Rembrandtlaan,111,,ALG1006
445,8021DG,Rembrandtlaan,113,,ALG1006
436,8021DG,Rembrandtlaan,113,A,ALG1006
446,8021DG,Rembrandtlaan,115,,ALG1006
437,8021DG,Rembrandtlaan,115,A,ALG1006
447,8021DG,Rembrandtlaan,117,,ALG1006
438,8021DG,Rembrandtlaan,117,A,ALG1006
448,8021DM,Ruysdaelstraat,25,,ALG1006
449,8021DM,Ruysdaelstraat,27,,ALG1006
450,8021DM,Ruysdaelstraat,29,,ALG1006
451,8021DM,Ruysdaelstraat,31,,ALG1006
452,8021DM,Ruysdaelstraat,33,,ALG1006
453,8021DM,Ruysdaelstraat,35,,ALG1006
454,8021DM,Ruysdaelstraat,37,,ALG1006
455,8021DM,Ruysdaelstraat,39,,ALG1006
456,8021DN,Ruysdaelstraat,41,,ALG1006
457,8021DN,Ruysdaelstraat,43,,ALG1006
458,8021DN,Ruysdaelstraat,45,,ALG1006
459,8021DN,Ruysdaelstraat,47,,ALG1006
460,8021DN,Ruysdaelstraat,49,,ALG1006
461,8021DN,Ruysdaelstraat,51,,ALG1006
462,8021DN,Ruysdaelstraat,53,,ALG1006
463,8021DN,Ruysdaelstraat,55,,ALG1006
464,8021DN,Ruysdaelstraat,57,,ALG1006
465,8021DN,Ruysdaelstraat,59,,ALG1006
466,8021DN,Ruysdaelstraat,61,,ALG1006
467,8021DN,Ruysdaelstraat,63,,ALG1006
468,8021DN,Ruysdaelstraat,65,,ALG1006
469,8021DN,Ruysdaelstraat,67,,ALG1006
470,8021DN,Ruysdaelstraat,69,,ALG1006
471,8021DN,Ruysdaelstraat,71,,ALG1006
472,8021DN,Ruysdaelstraat,73,,ALG1006
473,8021DN,Ruysdaelstraat,75,,ALG1006
474,8021DN,Ruysdaelstraat,77,,ALG1006
475,8021DN,Ruysdaelstraat,79,,ALG1006
476,8021DS,Ruysdaelstraat,80,,ALG1006
477,8021DS,Ruysdaelstraat,82,,ALG1006
478,8021DS,Ruysdaelstraat,84,,ALG1006
479,8021DS,Ruysdaelstraat,86,,ALG1006
480,8021DS,Ruysdaelstraat,88,,ALG1006
481,8021DS,Ruysdaelstraat,90,,ALG1006
482,8021DS,Ruysdaelstraat,92,,ALG1006
483,8021DS,Ruysdaelstraat,94,,ALG1006
484,8021DS,Ruysdaelstraat,96,,ALG1006
485,8021DS,Ruysdaelstraat,98,,ALG1006
486,8021DS,Ruysdaelstraat,100,,ALG1006
487,8021DS,Ruysdaelstraat,102,,ALG1006
488,8021DS,Ruysdaelstraat,104,,ALG1006
489,8021DS,Ruysdaelstraat,106,,ALG1006
491,8021DS,Ruysdaelstraat,108,,ALG1006
490,8021DS,Ruysdaelstraat,110,,ALG1006
1509,8011AW,Hoogstraat,119,,ALG1018
1514,8011BC,Hoogstraat,150,,ALG1018
1518,8011BZ,Meeuwenlaan,105,,ALG1018
1519,8011BZ,Meeuwenlaan,107,,ALG1018
1524,8011BZ,Meeuwenlaan,117,,ALG1018
1525,8011BZ,Meeuwenlaan,119,,ALG1018
1530,8015PZ,Dorpsstraat,48,,ALG1019
1531,8015PZ,Dorpsstraat,50,,ALG1019
1532,8015PZ,Dorpsstraat,52,,ALG1019
1533,8015PZ,Dorpsstraat,54,,ALG1019
1454,8021BP,Berkumstraat,37,,ALG1017
1457,8021BP,Berkumstraat,43,,ALG1017
1458,8021BP,Berkumstraat,45,,ALG1017
1459,8021BP,Berkumstraat,47,,ALG1017
1462,8021BP,Berkumstraat,53,,ALG1017
1463,8021BP,Berkumstraat,55,,ALG1017
1464,8021BP,Berkumstraat,57,,ALG1017
1465,8021BP,Berkumstraat,59,,ALG1017
1466,8021BP,Berkumstraat,61,,ALG1017
1468,8021BP,Berkumstraat,65,,ALG1017
1425,8021BT,Schoolstraat,70,,ALG1014
1427,8021BT,Schoolstraat,74,,ALG1014
1491,8021BV,Westerveldstraat,11,,ALG1017
1493,8021BV,Westerveldstraat,13,,ALG1017
1497,8021BV,Westerveldstraat,17,,ALG1017
1501,8021BV,Westerveldstraat,21,,ALG1017
1503,8021BV,Westerveldstraat,23,,ALG1017
1505,8021BV,Westerveldstraat,25,,ALG1017
1508,8021BV,Westerveldstraat,29,,ALG1017
1483,8021BV,Westerveldstraat,3,,ALG1017
1487,8021BV,Westerveldstraat,7,,ALG1017
1489,8021BV,Westerveldstraat,9,,ALG1017
1492,8021BW,Westerveldstraat,12,,ALG1017
1494,8021BW,Westerveldstraat,14,,ALG1017
1496,8021BW,Westerveldstraat,16,,ALG1017
1498,8021BW,Westerveldstraat,18,,ALG1017
1482,8021BW,Westerveldstraat,2,,ALG1017
1506,8021BW,Westerveldstraat,26,,ALG1017
1484,8021BW,Westerveldstraat,4,,ALG1017
1486,8021BW,Westerveldstraat,6,,ALG1017
1432,8021BX,Warmoesstraat,13,,ALG1014
1433,8021BX,Warmoesstraat,15,,ALG1014
1434,8021BX,Warmoesstraat,17,,ALG1014
1435,8021BX,Warmoesstraat,19,,ALG1014
1436,8021BX,Warmoesstraat,21,,ALG1014
1437,8021BX,Warmoesstraat,23,,ALG1014
1438,8021BX,Warmoesstraat,25,,ALG1014
1429,8021BX,Warmoesstraat,5,,ALG1014
1430,8021BX,Warmoesstraat,7,,ALG1014
1469,8021BZ,Warmoesstraat,44,,ALG1017
1475,8021BZ,Warmoesstraat,56,,ALG1017
1476,8021BZ,Warmoesstraat,58,,ALG1017
1478,8021BZ,Warmoesstraat,62,,ALG1017
1479,8021BZ,Warmoesstraat,64,,ALG1017
1480,8021BZ,Warmoesstraat,66,,ALG1017
1384,8021CA,Hoekstraat,30,,ALG1014
1385,8021CA,Hoekstraat,32,,ALG1014
1386,8021CA,Hoekstraat,34,,ALG1014
1387,8021CA,Hoekstraat,36,,ALG1014
1388,8021CA,Hoekstraat,38,,ALG1014
1389,8021CA,Hoekstraat,40,,ALG1014
1390,8021CA,Hoekstraat,42,,ALG1014
1391,8021CA,Hoekstraat,44,,ALG1014
1392,8021CA,Hoekstraat,46,,ALG1014
1393,8021CA,Hoekstraat,48,,ALG1014
1394,8021CA,Hoekstraat,50,,ALG1014
1395,8021CA,Hoekstraat,52,,ALG1014
1396,8021CA,Hoekstraat,54,,ALG1014
1397,8021CA,Hoekstraat,56,,ALG1014
1398,8021CA,Hoekstraat,58,,ALG1014
1399,8021CA,Hoekstraat,60,,ALG1014
1400,8021CA,Hoekstraat,62,,ALG1014
1401,8021CA,Hoekstraat,64,,ALG1014
1416,8021CC,Langenholterweg,51,,ALG1014
1417,8021CC,Langenholterweg,53,,ALG1014
1418,8021CC,Langenholterweg,55,,ALG1014
1419,8021CC,Langenholterweg,57,,ALG1014
1420,8021CC,Langenholterweg,59,,ALG1014
1421,8021CC,Langenholterweg,61,,ALG1014
1422,8021CC,Langenholterweg,63,,ALG1014
1423,8021CC,Langenholterweg,65,,ALG1014
1403,8021CD,Hofstraat,1,,ALG1014
1404,8021CD,Hofstraat,3,,ALG1014
1409,8021CE,Hofstraat,10,,ALG1014
1411,8021CE,Hofstraat,12,,ALG1014
1412,8021CE,Hofstraat,14,,ALG1014
1413,8021CE,Hofstraat,16,,ALG1014
1414,8021CE,Hofstraat,18,,ALG1014
1405,8021CE,Hofstraat,6,,ALG1014
1407,8021CE,Hofstraat,8,,ALG1014
1376,8021CR,Hoekstraat,11,,ALG1014
1377,8021CR,Hoekstraat,13,,ALG1014
1378,8021CR,Hoekstraat,15,,ALG1014
1379,8021CR,Hoekstraat,17,,ALG1014
1380,8021CR,Hoekstraat,19,,ALG1014
1383,8021CR,Hoekstraat,28,,ALG1014
1373,8021CR,Hoekstraat,5,,ALG1014
1374,8021CR,Hoekstraat,7,,ALG1014
1375,8021CR,Hoekstraat,9,,ALG1014
1145,8021ER,Van Miereveltstraat,10,,ALG1010
1148,8021ER,Van Miereveltstraat,16,,ALG1010
1149,8021ER,Van Miereveltstraat,18,,ALG1010
1150,8021ER,Van Miereveltstraat,20,,ALG1010
1152,8021ER,Van Miereveltstraat,24,,ALG1010
1142,8021ER,Van Miereveltstraat,4,,ALG1010
1126,8021ES,Ferdinand Bolstraat,1,,ALG1010
1131,8021ES,Ferdinand Bolstraat,13,,ALG1010
1132,8021ES,Ferdinand Bolstraat,15,,ALG1010
1133,8021ES,Ferdinand Bolstraat,17,,ALG1010
1135,8021ES,Ferdinand Bolstraat,21,,ALG1010
1129,8021ES,Ferdinand Bolstraat,7,,ALG1010
1137,8021ET,Govert Flinckstraat,8,,ALG1010
1167,8021VG,Holtenbroekerweg,12,,ALG1011
1164,8021VG,Holtenbroekerweg,2,,ALG1011
1169,8021VG,Holtenbroekerweg,20,,ALG1011
1165,8021VG,Holtenbroekerweg,8,,ALG1011
1182,8021VM,Sint Michaelstraat,10,,ALG1011
1183,8021VM,Sint Michaelstraat,12,,ALG1011
1185,8021VM,Sint Michaelstraat,16,,ALG1011
1178,8021VM,Sint Michaelstraat,2,,ALG1011
1186,8021VM,Sint Michaelstraat,24,,ALG1011
1187,8021VM,Sint Michaelstraat,26,,ALG1011
1189,8021VM,Sint Michaelstraat,36,,ALG1011
1179,8021VM,Sint Michaelstraat,4,,ALG1011
1181,8021VM,Sint Michaelstraat,8,,ALG1011
1177,8021VR,Sint Josephstraat,17,,ALG1011
1172,8021VR,Sint Josephstraat,7,,ALG1011
1173,8021VR,Sint Josephstraat,9,,ALG1011
1157,8021WG,Diezerenk,13,,ALG1011
1159,8021WG,Diezerenk,17,,ALG1011
1161,8021WG,Diezerenk,21,,ALG1011
1162,8021WG,Diezerenk,25,,ALG1011
1163,8021WG,Diezerenk,27,,ALG1011
1154,8021WG,Diezerenk,7,,ALG1011
1310,8032ZL,Morra,11,,ALG1013
1312,8032ZL,Morra,13,,ALG1013
1322,8032ZL,Morra,25,,ALG1013
1324,8032ZL,Morra,27,,ALG1013
1326,8032ZL,Morra,29,,ALG1013
1332,8032ZL,Morra,35,,ALG1013
1334,8032ZL,Morra,37,,ALG1013
1304,8032ZL,Morra,5,,ALG1013
1306,8032ZL,Morra,7,,ALG1013
1308,8032ZL,Morra,9,,ALG1013
1340,8032ZM,Morra,43,,ALG1013
1341,8032ZM,Morra,45,,ALG1013
1345,8032ZM,Morra,49,,ALG1013
1351,8032ZM,Morra,55,,ALG1013
1355,8032ZM,Morra,59,,ALG1013
1356,8032ZM,Morra,61,,ALG1013
1360,8032ZM,Morra,65,,ALG1013
1362,8032ZM,Morra,67,,ALG1013
1364,8032ZM,Morra,69,,ALG1013
1366,8032ZM,Morra,71,,ALG1013
1309,8032ZN,Morra,10,,ALG1013
1311,8032ZN,Morra,12,,ALG1013
1313,8032ZN,Morra,14,,ALG1013
1315,8032ZN,Morra,16,,ALG1013
1317,8032ZN,Morra,18,,ALG1013
1301,8032ZN,Morra,2,,ALG1013
1319,8032ZN,Morra,20,,ALG1013
1321,8032ZN,Morra,24,,ALG1013
1323,8032ZN,Morra,26,,ALG1013
1325,8032ZN,Morra,28,,ALG1013
1327,8032ZN,Morra,30,,ALG1013
1329,8032ZN,Morra,32,,ALG1013
1333,8032ZN,Morra,36,,ALG1013
1305,8032ZN,Morra,6,,ALG1013
1337,8032ZP,Morra,40,,ALG1013
1342,8032ZP,Morra,46,,ALG1013
1348,8032ZP,Morra,52,,ALG1013
1357,8032ZP,Morra,62,,ALG1013
1359,8032ZP,Morra,64,,ALG1013
1361,8032ZP,Morra,66,,ALG1013
1363,8032ZP,Morra,68,,ALG1013
1365,8032ZP,Morra,70,,ALG1013
1367,8032ZP,Morra,72,,ALG1013
1369,8032ZP,Morra,74,,ALG1013
1371,8032ZP,Morra,78,,ALG1013
1555,8021BA,Berkumhof,25,,ALG1020
1554,8021BA,Berkumhof,27,,ALG1020
1553,8021BA,Berkumhof,29,,ALG1020
1552,8021BA,Berkumhof,31,,ALG1020
1551,8021BA,Berkumhof,33,,ALG1020
1550,8021BA,Berkumhof,35,,ALG1020
1549,8021BA,Berkumhof,37,,ALG1020
1548,8021BA,Berkumhof,39,,ALG1020
1547,8021BA,Berkumhof,41,,ALG1020
1546,8021BA,Berkumhof,43,,ALG1020
1545,8021BA,Berkumhof,45,,ALG1020
1544,8021BA,Berkumhof,47,,ALG1020
1567,8021BA,Berkumhof,49,,ALG1020
1566,8021BA,Berkumhof,51,,ALG1020
1565,8021BA,Berkumhof,53,,ALG1020
1564,8021BA,Berkumhof,55,,ALG1020
1563,8021BA,Berkumhof,57,,ALG1020
1562,8021BA,Berkumhof,59,,ALG1020
1561,8021BA,Berkumhof,61,,ALG1020
1560,8021BA,Berkumhof,63,,ALG1020
1559,8021BA,Berkumhof,65,,ALG1020
1558,8021BA,Berkumhof,67,,ALG1020
1557,8021BA,Berkumhof,69,,ALG1020
1556,8021BA,Berkumhof,71,,ALG1020
1569,8021BN,Schoolstraat,12,,ALG1020
1570,8021BN,Schoolstraat,14,,ALG1020
1571,8021BN,Schoolstraat,16,,ALG1020
1572,8021BN,Schoolstraat,18,,ALG1020
1573,8021BN,Schoolstraat,20,,ALG1020
1574,8021BN,Schoolstraat,22,,ALG1020
1575,8021BN,Schoolstraat,24,,ALG1020
1576,8021BN,Schoolstraat,26,,ALG1020
1577,8021BN,Schoolstraat,28,,ALG1020
1578,8021BN,Schoolstraat,30,,ALG1020
1579,8021BN,Schoolstraat,32,,ALG1020
1580,8021BN,Schoolstraat,34,,ALG1020
1581,8021BN,Schoolstraat,36,,ALG1020
1582,8021BN,Schoolstraat,38,,ALG1020
1583,8021BN,Schoolstraat,40,,ALG1020
1584,8021BN,Schoolstraat,42,,ALG1020
1585,8021BN,Schoolstraat,44,,ALG1020
1586,8021BN,Schoolstraat,46,,ALG1020
1587,8021BN,Schoolstraat,48,,ALG1020
1588,8021BN,Schoolstraat,50,,ALG1020
1568,8021BN,Schoolstraat,52,,ALG1020
1589,8021BN,Schoolstraat,52,A,ALG1020
1536,8021BP,Berkumstraat,15,,ALG1020
1537,8021BP,Berkumstraat,17,,ALG1020
1538,8021BP,Berkumstraat,19,,ALG1020
1539,8021BP,Berkumstraat,21,,ALG1020
1540,8021BP,Berkumstraat,23,,ALG1020
1541,8021BP,Berkumstraat,25,,ALG1020
1542,8021BP,Berkumstraat,27,,ALG1020
1543,8021BP,Berkumstraat,29,,ALG1020
1535,8021BP,Berkumstraat,7,,ALG1020
1635,8024AG,Boerendanserdijk,73,,ALG1022
1637,8024AG,Boerendanserdijk,77,,ALG1022
1639,8024AG,Boerendanserdijk,83,,ALG1022
1640,8024AG,Boerendanserdijk,85,,ALG1022
1841,8024AT,Berkenlaan,22,,ALG1402
1653,8024AX,Meidoornlaan,16,,ALG1022
1656,8024AX,Meidoornlaan,24,,ALG1022
1647,8024AX,Meidoornlaan,4,,ALG1022
1843,8024BG,Boerhaavelaan,39,,ALG1028
1844,8024BG,Boerhaavelaan,41,,ALG1028
1845,8024BG,Boerhaavelaan,43,,ALG1028
1846,8024BG,Boerhaavelaan,45,,ALG1028
1847,8024BG,Boerhaavelaan,47,,ALG1028
1848,8024BG,Boerhaavelaan,49,,ALG1028
1849,8024BH,Boerhaavelaan,51,,ALG1028
1850,8024BH,Boerhaavelaan,53,,ALG1028
1851,8024BH,Boerhaavelaan,55,,ALG1028
1852,8024BH,Boerhaavelaan,57,,ALG1028
1853,8024BH,Boerhaavelaan,59,,ALG1028
1854,8024BH,Boerhaavelaan,61,,ALG1028
1855,8024BH,Boerhaavelaan,63,,ALG1028
1856,8024BH,Boerhaavelaan,65,,ALG1028
1857,8024BH,Boerhaavelaan,67,,ALG1028
1858,8024BH,Boerhaavelaan,69,,ALG1028
1642,8024BR,Campherbeeklaan,17,,ALG1022
1643,8024BR,Campherbeeklaan,19,,ALG1022
1646,8024BR,Campherbeeklaan,25,,ALG1022
1859,8024ZC,Essenlaan,13,,ALG1402
1860,8024ZC,Essenlaan,15,,ALG1402
1861,8024ZC,Essenlaan,17,,ALG1402
1863,8024ZC,Essenlaan,21,,ALG1402
1655,8024AX,Meidoornlaan,22,,ALG1022
1649,8024AX,Meidoornlaan,8,,ALG1022
1645,8024BR,Campherbeeklaan,23,,ALG1022
1705,8042AH,Westenholterweg,20,,ALG1024
1706,8042AH,Westenholterweg,22,,ALG1024
1707,8042AH,Westenholterweg,24,,ALG1024
1708,8042AH,Westenholterweg,26,,ALG1024
1709,8042AH,Westenholterweg,28,,ALG1024
1710,8042AH,Westenholterweg,30,,ALG1024
1711,8042AH,Westenholterweg,32,,ALG1024
1712,8042AH,Westenholterweg,34,,ALG1024
1713,8042AH,Westenholterweg,36,,ALG1024
1714,8042AJ,Westenholterweg,38,,ALG1024
1715,8042AJ,Westenholterweg,40,,ALG1024
1716,8042AJ,Westenholterweg,42,,ALG1024
1717,8042AJ,Westenholterweg,44,,ALG1024
1718,8042AJ,Westenholterweg,46,,ALG1024
1719,8042AJ,Westenholterweg,48,,ALG1024
1749,8042AM,Korenbloemweg,4,,ALG1025
1750,8042AM,Korenbloemweg,6,,ALG1025
1751,8042AM,Korenbloemweg,8,,ALG1025
1760,8042AN,Lupineweg,11,,ALG1025
1761,8042AN,Lupineweg,13,,ALG1025
1762,8042AN,Lupineweg,15,,ALG1025
1756,8042AN,Lupineweg,3,,ALG1025
1757,8042AN,Lupineweg,5,,ALG1025
1758,8042AN,Lupineweg,7,,ALG1025
1759,8042AN,Lupineweg,9,,ALG1025
1729,8042AP,Klaproosweg,1,,ALG1025
1740,8042AP,Klaproosweg,12,,ALG1025
1742,8042AP,Klaproosweg,14,,ALG1025
1744,8042AP,Klaproosweg,16,,ALG1025
1747,8042AP,Klaproosweg,19,,ALG1025
1731,8042AP,Klaproosweg,3,,ALG1025
1735,8042AP,Klaproosweg,7,,ALG1025
1767,8042AR,Violenweg,2,,ALG1025
1768,8042AR,Violenweg,4,,ALG1025
1770,8042AR,Violenweg,8,,ALG1025
1796,8042CL,Margrietweg,1,,ALG1027
1805,8042CL,Margrietweg,10,,ALG1027
1806,8042CL,Margrietweg,11,,ALG1027
1807,8042CL,Margrietweg,12,,ALG1027
1808,8042CL,Margrietweg,13,,ALG1027
1809,8042CL,Margrietweg,14,,ALG1027
1810,8042CL,Margrietweg,15,,ALG1027
1812,8042CL,Margrietweg,17,,ALG1027
1813,8042CL,Margrietweg,18,,ALG1027
1814,8042CL,Margrietweg,19,,ALG1027
1797,8042CL,Margrietweg,2,,ALG1027
1815,8042CL,Margrietweg,20,,ALG1027
1798,8042CL,Margrietweg,3,,ALG1027
1799,8042CL,Margrietweg,4,,ALG1027
1800,8042CL,Margrietweg,5,,ALG1027
1801,8042CL,Margrietweg,6,,ALG1027
1802,8042CL,Margrietweg,7,,ALG1027
1803,8042CL,Margrietweg,8,,ALG1027
1804,8042CL,Margrietweg,9,,ALG1027
1821,8042CM,Salviaweg,1,,ALG1027
1830,8042CM,Salviaweg,10,,ALG1027
1831,8042CM,Salviaweg,11,,ALG1027
1832,8042CM,Salviaweg,12,,ALG1027
1833,8042CM,Salviaweg,13,,ALG1027
1834,8042CM,Salviaweg,14,,ALG1027
1835,8042CM,Salviaweg,15,,ALG1027
1836,8042CM,Salviaweg,16,,ALG1027
1837,8042CM,Salviaweg,17,,ALG1027
1838,8042CM,Salviaweg,18,,ALG1027
1839,8042CM,Salviaweg,19,,ALG1027
1822,8042CM,Salviaweg,2,,ALG1027
1840,8042CM,Salviaweg,20,,ALG1027
1823,8042CM,Salviaweg,3,,ALG1027
1824,8042CM,Salviaweg,4,,ALG1027
1825,8042CM,Salviaweg,5,,ALG1027
1826,8042CM,Salviaweg,6,,ALG1027
1827,8042CM,Salviaweg,7,,ALG1027
1828,8042CM,Salviaweg,8,,ALG1027
1829,8042CM,Salviaweg,9,,ALG1027
1790,8042CN,Boterbloemweg,11,,ALG1027
1782,8042CN,Boterbloemweg,3,,ALG1027
1784,8042CN,Boterbloemweg,5,,ALG1027
1786,8042CN,Boterbloemweg,7,,ALG1027
1788,8042CN,Boterbloemweg,9,,ALG1027
1789,8042CP,Boterbloemweg,10,,ALG1027
1791,8042CP,Boterbloemweg,12,,ALG1027
1792,8042CP,Boterbloemweg,14,,ALG1027
1793,8042CP,Boterbloemweg,16,,ALG1027
1794,8042CP,Boterbloemweg,18,,ALG1027
1781,8042CP,Boterbloemweg,2,,ALG1027
1795,8042CP,Boterbloemweg,20,,ALG1027
1783,8042CP,Boterbloemweg,4,,ALG1027
1785,8042CP,Boterbloemweg,6,,ALG1027
1787,8042CP,Boterbloemweg,8,,ALG1027
1663,8042CR,Anjerweg,1,,ALG1024
1664,8042CR,Anjerweg,3,,ALG1024
1665,8042CR,Anjerweg,5,,ALG1024
1666,8042CR,Anjerweg,7,,ALG1024
1667,8042CR,Anjerweg,9,,ALG1024
1703,8042CV,Rozenweg,11,,ALG1024
1704,8042CV,Rozenweg,13,,ALG1024
1819,8042CW,Rozenweg,10,,ALG1027
1820,8042CW,Rozenweg,12,,ALG1027
1817,8042CW,Rozenweg,6,,ALG1027
1818,8042CW,Rozenweg,8,,ALG1027
1685,8042CX,Beltenweg,27,,ALG1024
1686,8042CX,Beltenweg,29,,ALG1024
1687,8042CX,Beltenweg,31,,ALG1024
1688,8042CX,Beltenweg,33,,ALG1024
1780,8042CX,Beltenweg,7,,ALG1027
1679,8042EA,Asterweg,1,,ALG1024
1684,8042EA,Asterweg,11,,ALG1024
1680,8042EA,Asterweg,3,,ALG1024
1681,8042EA,Asterweg,5,,ALG1024
1682,8042EA,Asterweg,7,,ALG1024
1683,8042EA,Asterweg,9,,ALG1024
1689,8042EB,Dahliaweg,2,,ALG1024
1690,8042EB,Dahliaweg,4,,ALG1024
1691,8042EB,Dahliaweg,6,,ALG1024
1692,8042EC,Papaverweg,1,,ALG1024
1693,8042EC,Papaverweg,3,,ALG1024
1694,8042EC,Papaverweg,5,,ALG1024
1695,8042EC,Papaverweg,7,,ALG1024
1764,8042EE,Papaverweg,10,,ALG1025
1765,8042EE,Papaverweg,12,,ALG1025
1766,8042EE,Papaverweg,14,,ALG1025
1659,8043PD,Hasselterdijk,24,,ALG1023
1660,8043PD,Hasselterdijk,25,,ALG1023
1662,8043PD,Hasselterdijk,28,,ALG1023
2264,8014JB,Schepenenlaan,39,,ALG1034
2266,8014JB,Schepenenlaan,41,,ALG1034
2268,8014JB,Schepenenlaan,43,,ALG1034
2270,8014JB,Schepenenlaan,45,,ALG1034
2272,8014JB,Schepenenlaan,47,,ALG1034
2274,8014JB,Schepenenlaan,49,,ALG1034
2276,8014JB,Schepenenlaan,51,,ALG1034
2278,8014JB,Schepenenlaan,53,,ALG1034
2279,8014JB,Schepenenlaan,55,,ALG1034
2280,8014JB,Schepenenlaan,57,,ALG1034
2281,8014JB,Schepenenlaan,59,,ALG1034
2282,8014JB,Schepenenlaan,61,,ALG1034
2283,8014JB,Schepenenlaan,63,,ALG1034
2284,8014JB,Schepenenlaan,65,,ALG1034
2285,8014JB,Schepenenlaan,67,,ALG1034
2286,8014JB,Schepenenlaan,69,,ALG1034
2287,8014JB,Schepenenlaan,71,,ALG1034
2262,8014JE,Schepenenlaan,36,,ALG1034
2263,8014JE,Schepenenlaan,38,,ALG1034
2265,8014JE,Schepenenlaan,40,,ALG1034
2267,8014JE,Schepenenlaan,42,,ALG1034
2269,8014JE,Schepenenlaan,44,,ALG1034
2271,8014JE,Schepenenlaan,46,,ALG1034
2273,8014JE,Schepenenlaan,48,,ALG1034
2275,8014JE,Schepenenlaan,50,,ALG1034
2277,8014JE,Schepenenlaan,52,,ALG1034
2292,8014JM,Scheppinckmate,10,,ALG1034
2293,8014JM,Scheppinckmate,12,,ALG1034
2294,8014JM,Scheppinckmate,14,,ALG1034
2288,8014JM,Scheppinckmate,2,,ALG1034
2295,8014JM,Scheppinckmate,20,,ALG1034
2289,8014JM,Scheppinckmate,4,,ALG1034
2290,8014JM,Scheppinckmate,6,,ALG1034
2291,8014JM,Scheppinckmate,8,,ALG1034
2303,8014JN,Scheppinckmate,50,,ALG1034
2304,8014JN,Scheppinckmate,52,,ALG1034
2306,8014JN,Scheppinckmate,56,,ALG1034
2308,8014JN,Scheppinckmate,60,,ALG1034
2310,8014JN,Scheppinckmate,66,,ALG1034
2315,8014JN,Scheppinckmate,72,,ALG1034
2299,8014JR,Scheppinckmate,39,,ALG1034
2300,8014JR,Scheppinckmate,43,,ALG1034
2301,8014JR,Scheppinckmate,45,,ALG1034
2302,8014JR,Scheppinckmate,47,,ALG1034
2307,8014JR,Scheppinckmate,59,,ALG1034
2313,8014JR,Scheppinckmate,69,,ALG1034
2333,8014JS,Scheppinckmate,105,,ALG1034
2334,8014JS,Scheppinckmate,107,,ALG1034
2336,8014JS,Scheppinckmate,111,,ALG1034
2316,8014JS,Scheppinckmate,73,,ALG1034
2317,8014JS,Scheppinckmate,75,,ALG1034
2319,8014JS,Scheppinckmate,77,,ALG1034
2320,8014JS,Scheppinckmate,79,,ALG1034
2321,8014JS,Scheppinckmate,81,,ALG1034
2322,8014JS,Scheppinckmate,83,,ALG1034
2323,8014JS,Scheppinckmate,85,,ALG1034
2324,8014JS,Scheppinckmate,87,,ALG1034
2325,8014JS,Scheppinckmate,89,,ALG1034
2326,8014JS,Scheppinckmate,91,,ALG1034
2327,8014JS,Scheppinckmate,93,,ALG1034
2328,8014JS,Scheppinckmate,95,,ALG1034
2329,8014JS,Scheppinckmate,97,,ALG1034
2330,8014JS,Scheppinckmate,99,,ALG1034
2243,8014JX,Roelinckmate,10,,ALG1034
2244,8014JX,Roelinckmate,12,,ALG1034
2245,8014JX,Roelinckmate,14,,ALG1034
2246,8014JX,Roelinckmate,16,,ALG1034
2247,8014JX,Roelinckmate,18,,ALG1034
2239,8014JX,Roelinckmate,2,,ALG1034
2240,8014JX,Roelinckmate,4,,ALG1034
2241,8014JX,Roelinckmate,6,,ALG1034
2242,8014JX,Roelinckmate,8,,ALG1034
2248,8014JZ,Rousemate,1,,ALG1034
2253,8014JZ,Rousemate,11,,ALG1034
2254,8014JZ,Rousemate,13,,ALG1034
2255,8014JZ,Rousemate,15,,ALG1034
2256,8014JZ,Rousemate,17,,ALG1034
2257,8014JZ,Rousemate,19,,ALG1034
2258,8014JZ,Rousemate,21,,ALG1034
2259,8014JZ,Rousemate,23,,ALG1034
2260,8014JZ,Rousemate,25,,ALG1034
2261,8014JZ,Rousemate,27,,ALG1034
2249,8014JZ,Rousemate,3,,ALG1034
2250,8014JZ,Rousemate,5,,ALG1034
2251,8014JZ,Rousemate,7,,ALG1034
2252,8014JZ,Rousemate,9,,ALG1034
2337,8014LA,Tichelmeesterlaan,1,,ALG1034
2342,8014LA,Tichelmeesterlaan,11,,ALG1034
2343,8014LA,Tichelmeesterlaan,13,,ALG1034
2344,8014LA,Tichelmeesterlaan,15,,ALG1034
2345,8014LA,Tichelmeesterlaan,17,,ALG1034
2346,8014LA,Tichelmeesterlaan,19,,ALG1034
2413,8014LA,Tichelmeesterlaan,21,,ALG1036
2415,8014LA,Tichelmeesterlaan,27,,ALG1036
2338,8014LA,Tichelmeesterlaan,3,,ALG1034
2419,8014LA,Tichelmeesterlaan,35,,ALG1036
2339,8014LA,Tichelmeesterlaan,5,,ALG1034
2340,8014LA,Tichelmeesterlaan,7,,ALG1034
2341,8014LA,Tichelmeesterlaan,9,,ALG1034
2412,8014LE,Muntzmate,22,,ALG1036
2407,8014LE,Muntzmate,5,,ALG1036
2409,8014LE,Muntzmate,7,,ALG1036
2410,8014LE,Muntzmate,8,,ALG1036
2402,8014LJ,Hemminckmate,40,,ALG1036
2421,8014LL,Radenlaan,42,,ALG1037
2422,8014LL,Radenlaan,44,,ALG1037
2425,8014LL,Radenlaan,50,,ALG1037
2426,8014LL,Radenlaan,52,,ALG1037
2427,8014LL,Radenlaan,54,,ALG1037
2428,8014LL,Radenlaan,56,,ALG1037
2429,8014LL,Radenlaan,58,,ALG1037
2430,8014LL,Radenlaan,60,,ALG1037
2431,8014LL,Radenlaan,62,,ALG1037
2432,8014LL,Radenlaan,64,,ALG1037
2433,8014LL,Radenlaan,66,,ALG1037
2434,8014LL,Radenlaan,68,,ALG1037
2435,8014LL,Radenlaan,70,,ALG1037
2436,8014LL,Radenlaan,72,,ALG1037
2451,8014LN,Rietbergmate,21,,ALG1037
2452,8014LN,Rietbergmate,23,,ALG1037
2453,8014LN,Rietbergmate,25,,ALG1037
2454,8014LN,Rietbergmate,27,,ALG1037
2455,8014LN,Rietbergmate,29,,ALG1037
2456,8014LN,Rietbergmate,31,,ALG1037
2457,8014LN,Rietbergmate,33,,ALG1037
2440,8014LN,Rietbergmate,4,,ALG1037
2442,8014LN,Rietbergmate,6,,ALG1037
2443,8014LN,Rietbergmate,7,,ALG1037
2444,8014LN,Rietbergmate,8,,ALG1037
2462,8014MA,Sandbergmate,10,,ALG1037
2463,8014MA,Sandbergmate,12,,ALG1037
2464,8014MA,Sandbergmate,14,,ALG1037
2465,8014MA,Sandbergmate,16,,ALG1037
2466,8014MA,Sandbergmate,18,,ALG1037
2458,8014MA,Sandbergmate,2,,ALG1037
2467,8014MA,Sandbergmate,20,,ALG1037
2469,8014MA,Sandbergmate,22,,ALG1037
2471,8014MA,Sandbergmate,24,,ALG1037
2473,8014MA,Sandbergmate,26,,ALG1037
2459,8014MA,Sandbergmate,4,,ALG1037
2460,8014MA,Sandbergmate,6,,ALG1037
2461,8014MA,Sandbergmate,8,,ALG1037
2468,8014MB,Sandbergmate,21,,ALG1037
2470,8014MB,Sandbergmate,23,,ALG1037
2472,8014MB,Sandbergmate,25,,ALG1037
2474,8014MB,Sandbergmate,27,,ALG1037
2475,8014MB,Sandbergmate,29,,ALG1037
2476,8014MB,Sandbergmate,31,,ALG1037
2482,8014MC,Sandbergmate,43,,ALG1037
2483,8014MC,Sandbergmate,45,,ALG1037
2484,8014MC,Sandbergmate,47,,ALG1037
2486,8014MC,Sandbergmate,51,,ALG1037
2487,8014MC,Sandbergmate,53,,ALG1037
2488,8014MC,Sandbergmate,55,,ALG1037
2489,8014MC,Sandbergmate,57,,ALG1037
2493,8014MD,Westenbergmate,2,,ALG1037
2510,8014MD,Westenbergmate,24,,ALG1037
2495,8014MD,Westenbergmate,4,,ALG1037
2497,8014MD,Westenbergmate,6,,ALG1037
2492,8014ME,Westenbergmate,1,,ALG1037
2502,8014ME,Westenbergmate,11,,ALG1037
2503,8014ME,Westenbergmate,13,,ALG1037
2504,8014ME,Westenbergmate,15,,ALG1037
2505,8014ME,Westenbergmate,17,,ALG1037
2507,8014ME,Westenbergmate,19,,ALG1037
2499,8014ME,Westenbergmate,23,,ALG1037
2511,8014ME,Westenbergmate,25,,ALG1037
2512,8014ME,Westenbergmate,27,,ALG1037
2514,8014ME,Westenbergmate,29,,ALG1037
2494,8014ME,Westenbergmate,3,,ALG1037
2516,8014ME,Westenbergmate,31,,ALG1037
2517,8014ME,Westenbergmate,33,,ALG1037
2518,8014ME,Westenbergmate,35,,ALG1037
2520,8014ME,Westenbergmate,37,,ALG1037
2522,8014ME,Westenbergmate,39,,ALG1037
2524,8014ME,Westenbergmate,41,,ALG1037
2525,8014ME,Westenbergmate,43,,ALG1037
2526,8014ME,Westenbergmate,45,,ALG1037
2527,8014ME,Westenbergmate,47,,ALG1037
2496,8014ME,Westenbergmate,5,,ALG1037
2498,8014ME,Westenbergmate,7,,ALG1037
2500,8014ME,Westenbergmate,9,,ALG1037
2528,8014MG,Westenbergmate,49,,ALG1037
2529,8014MG,Westenbergmate,51,,ALG1037
2530,8014MG,Westenbergmate,53,,ALG1037
2531,8014MG,Westenbergmate,55,,ALG1037
2532,8014MG,Westenbergmate,57,,ALG1037
2533,8014MG,Westenbergmate,59,,ALG1037
2534,8014MG,Westenbergmate,61,,ALG1037
2535,8014MG,Westenbergmate,63,,ALG1037
2536,8014MG,Westenbergmate,65,,ALG1037
2537,8014MG,Westenbergmate,67,,ALG1037
2538,8014MG,Westenbergmate,69,,ALG1037
2540,8014MG,Westenbergmate,77,,ALG1037
2541,8014MG,Westenbergmate,79,,ALG1037
2552,8014MH,Westenbergmate,113,,ALG1037
2553,8014MH,Westenbergmate,115,,ALG1037
2554,8014MH,Westenbergmate,117,,ALG1037
2555,8014MH,Westenbergmate,119,,ALG1037
2543,8014MH,Westenbergmate,89,,ALG1037
2544,8014MH,Westenbergmate,91,,ALG1037
2545,8014MH,Westenbergmate,93,,ALG1037
2546,8014MH,Westenbergmate,95,,ALG1037
2547,8014MH,Westenbergmate,97,,ALG1037
2548,8014MH,Westenbergmate,99,,ALG1037
2613,8014PA,Van Limburg Stirumware,12,,ALG1039
2623,8014PA,Van Limburg Stirumware,24,,ALG1039
2636,8014PA,Van Limburg Stirumware,40,,ALG1039
2611,8014PA,Van Limburg Stirumware,8,,ALG1039
2647,8014PB,Van Limburg Stirumware,52,,ALG1039
2649,8014PB,Van Limburg Stirumware,54,,ALG1039
2651,8014PB,Van Limburg Stirumware,58,,ALG1039
2653,8014PB,Van Limburg Stirumware,62,,ALG1039
2654,8014PB,Van Limburg Stirumware,64,,ALG1039
2655,8014PB,Van Limburg Stirumware,66,,ALG1039
2669,8014PC,Van Limburg Stirumware,100,,ALG1039
2670,8014PC,Van Limburg Stirumware,102,,ALG1039
2671,8014PC,Van Limburg Stirumware,104,,ALG1039
2672,8014PC,Van Limburg Stirumware,106,,ALG1039
2673,8014PC,Van Limburg Stirumware,108,,ALG1039
2674,8014PC,Van Limburg Stirumware,110,,ALG1039
2675,8014PC,Van Limburg Stirumware,112,,ALG1039
2676,8014PC,Van Limburg Stirumware,114,,ALG1039
2677,8014PC,Van Limburg Stirumware,116,,ALG1039
2678,8014PC,Van Limburg Stirumware,118,,ALG1039
2679,8014PC,Van Limburg Stirumware,120,,ALG1039
2680,8014PC,Van Limburg Stirumware,122,,ALG1039
2663,8014PC,Van Limburg Stirumware,88,,ALG1039
2664,8014PC,Van Limburg Stirumware,90,,ALG1039
2665,8014PC,Van Limburg Stirumware,92,,ALG1039
2666,8014PC,Van Limburg Stirumware,94,,ALG1039
2667,8014PC,Van Limburg Stirumware,96,,ALG1039
2668,8014PC,Van Limburg Stirumware,98,,ALG1039
2608,8014PD,Van Limburg Stirumware,1,,ALG1039
2612,8014PD,Van Limburg Stirumware,11,,ALG1039
2616,8014PD,Van Limburg Stirumware,15,,ALG1039
2621,8014PD,Van Limburg Stirumware,21,,ALG1039
2622,8014PD,Van Limburg Stirumware,23,,ALG1039
2626,8014PD,Van Limburg Stirumware,27,,ALG1039
2632,8014PD,Van Limburg Stirumware,35,,ALG1039
2633,8014PD,Van Limburg Stirumware,37,,ALG1039
2609,8014PD,Van Limburg Stirumware,5,,ALG1039
2646,8014PE,Van Limburg Stirumware,51,,ALG1039
2648,8014PE,Van Limburg Stirumware,53,,ALG1039
2573,8014PG,Luzacware,10,,ALG1039
2574,8014PG,Luzacware,12,,ALG1039
2575,8014PG,Luzacware,14,,ALG1039
2578,8014PG,Luzacware,18,,ALG1039
2582,8014PG,Luzacware,30,,ALG1039
2592,8014PH,Luzacware,74,,ALG1039
2593,8014PH,Luzacware,76,,ALG1039
2572,8014PJ,Luzacware,7,,ALG1039
2598,8014PK,Ministerlaan,10,,ALG1039
2599,8014PK,Ministerlaan,12,,ALG1039
2600,8014PK,Ministerlaan,14,,ALG1039
2601,8014PK,Ministerlaan,16,,ALG1039
2602,8014PK,Ministerlaan,18,,ALG1039
2594,8014PK,Ministerlaan,2,,ALG1039
2603,8014PK,Ministerlaan,20,,ALG1039
2604,8014PK,Ministerlaan,22,,ALG1039
2605,8014PK,Ministerlaan,24,,ALG1039
2606,8014PK,Ministerlaan,26,,ALG1039
2607,8014PK,Ministerlaan,28,,ALG1039
2595,8014PK,Ministerlaan,4,,ALG1039
2596,8014PK,Ministerlaan,6,,ALG1039
2597,8014PK,Ministerlaan,8,,ALG1039
1966,8042GD,Dovenetelweg,10,,ALG1030
1967,8042GD,Dovenetelweg,14,,ALG1030
1969,8042GD,Dovenetelweg,24,,ALG1030
1965,8042GD,Dovenetelweg,6,,ALG1030
1979,8042GP,Gentiaanweg,1,,ALG1031
1983,8042GP,Gentiaanweg,11,,ALG1031
1984,8042GP,Gentiaanweg,13,,ALG1031
1985,8042GP,Gentiaanweg,15,,ALG1031
1986,8042GP,Gentiaanweg,17,,ALG1031
1987,8042GP,Gentiaanweg,19,,ALG1031
1980,8042GP,Gentiaanweg,3,,ALG1031
1981,8042GP,Gentiaanweg,5,,ALG1031
1982,8042GP,Gentiaanweg,7,,ALG1031
1946,8042GT,Basilicumpad,1,,ALG1030
1947,8042GT,Basilicumpad,3,,ALG1030
1948,8042GT,Basilicumpad,5,,ALG1030
1949,8042GT,Basilicumpad,7,,ALG1030
1959,8042GV,Bouwkamplaan,14,,ALG1030
1960,8042GV,Bouwkamplaan,16,,ALG1030
1961,8042GV,Bouwkamplaan,18,,ALG1030
1962,8042GV,Bouwkamplaan,20,,ALG1030
1977,8042GW,Bouwkamplaan,11,,ALG1031
1954,8042GX,Bonekruidweg,1,,ALG1030
1955,8042GX,Bonekruidweg,3,,ALG1030
1956,8042GX,Bonekruidweg,5,,ALG1030
1957,8042GX,Bonekruidweg,7,,ALG1030
1958,8042GX,Bonekruidweg,9,,ALG1030
1950,8042HA,Bieslookweg,2,,ALG1030
1951,8042HA,Bieslookweg,4,,ALG1030
1952,8042HA,Bieslookweg,6,,ALG1030
1953,8042HA,Bieslookweg,8,,ALG1030
1919,8042HB,Akkerhoornweg,10,,ALG1030
1921,8042HB,Akkerhoornweg,12,,ALG1030
1922,8042HB,Akkerhoornweg,14,,ALG1030
1923,8042HB,Akkerhoornweg,16,,ALG1030
1925,8042HB,Akkerhoornweg,18,,ALG1030
1911,8042HB,Akkerhoornweg,2,,ALG1030
1913,8042HB,Akkerhoornweg,4,,ALG1030
1915,8042HB,Akkerhoornweg,6,,ALG1030
1917,8042HB,Akkerhoornweg,8,,ALG1030
1910,8042HC,Akkerhoornweg,1,,ALG1030
1920,8042HC,Akkerhoornweg,11,,ALG1030
1924,8042HC,Akkerhoornweg,17,,ALG1030
1926,8042HC,Akkerhoornweg,19,,ALG1030
1912,8042HC,Akkerhoornweg,3,,ALG1030
1914,8042HC,Akkerhoornweg,5,,ALG1030
1916,8042HC,Akkerhoornweg,7,,ALG1030
1918,8042HC,Akkerhoornweg,9,,ALG1030
1931,8042HD,Anijskruidweg,10,,ALG1030
1932,8042HD,Anijskruidweg,12,,ALG1030
1933,8042HD,Anijskruidweg,14,,ALG1030
1934,8042HD,Anijskruidweg,16,,ALG1030
1935,8042HD,Anijskruidweg,18,,ALG1030
1927,8042HD,Anijskruidweg,2,,ALG1030
1928,8042HD,Anijskruidweg,4,,ALG1030
1929,8042HD,Anijskruidweg,6,,ALG1030
1930,8042HD,Anijskruidweg,8,,ALG1030
1936,8042HE,Arnicaweg,1,,ALG1030
1941,8042HE,Arnicaweg,11,,ALG1030
1942,8042HE,Arnicaweg,13,,ALG1030
1943,8042HE,Arnicaweg,15,,ALG1030
1944,8042HE,Arnicaweg,17,,ALG1030
1945,8042HE,Arnicaweg,19,,ALG1030
1937,8042HE,Arnicaweg,3,,ALG1030
1938,8042HE,Arnicaweg,5,,ALG1030
1939,8042HE,Arnicaweg,7,,ALG1030
1940,8042HE,Arnicaweg,9,,ALG1030
2066,8042HG,Middelstekamplaan,10,,ALG1032
1972,8042HG,Middelstekamplaan,11,,ALG1030
2067,8042HG,Middelstekamplaan,12,,ALG1032
1973,8042HG,Middelstekamplaan,13,,ALG1030
2068,8042HG,Middelstekamplaan,14,,ALG1032
1974,8042HG,Middelstekamplaan,15,,ALG1030
2096,8042HG,Middelstekamplaan,16,,ALG1032
1975,8042HG,Middelstekamplaan,17,,ALG1030
2069,8042HG,Middelstekamplaan,18,,ALG1032
1976,8042HG,Middelstekamplaan,19,,ALG1030
2062,8042HG,Middelstekamplaan,2,,ALG1032
2070,8042HG,Middelstekamplaan,20,,ALG1032
2071,8042HG,Middelstekamplaan,22,,ALG1032
2072,8042HG,Middelstekamplaan,24,,ALG1032
2073,8042HG,Middelstekamplaan,26,,ALG1032
2074,8042HG,Middelstekamplaan,28,,ALG1032
2063,8042HG,Middelstekamplaan,4,,ALG1032
2064,8042HG,Middelstekamplaan,6,,ALG1032
2065,8042HG,Middelstekamplaan,8,,ALG1032
2000,8042HH,Tesjeslaan,25,,ALG1031
1998,8042HJ,Kervelweg,10,,ALG1031
1999,8042HJ,Kervelweg,14,,ALG1031
1992,8042HL,Kamilleweg,10,,ALG1031
1988,8042HL,Kamilleweg,2,,ALG1031
1989,8042HL,Kamilleweg,4,,ALG1031
1990,8042HL,Kamilleweg,6,,ALG1031
1991,8042HL,Kamilleweg,8,,ALG1031
2093,8042HN,Tesjeslaan,14,,ALG1032
2038,8042HP,Malvaweg,1,,ALG1032
2043,8042HP,Malvaweg,11,,ALG1032
2044,8042HP,Malvaweg,13,,ALG1032
2045,8042HP,Malvaweg,15,,ALG1032
2046,8042HP,Malvaweg,17,,ALG1032
2047,8042HP,Malvaweg,19,,ALG1032
2048,8042HP,Malvaweg,21,,ALG1032
2049,8042HP,Malvaweg,23,,ALG1032
2050,8042HP,Malvaweg,25,,ALG1032
2051,8042HP,Malvaweg,27,,ALG1032
2052,8042HP,Malvaweg,29,,ALG1032
2039,8042HP,Malvaweg,3,,ALG1032
2053,8042HP,Malvaweg,31,,ALG1032
2054,8042HP,Malvaweg,33,,ALG1032
2055,8042HP,Malvaweg,35,,ALG1032
2056,8042HP,Malvaweg,37,,ALG1032
2040,8042HP,Malvaweg,5,,ALG1032
2041,8042HP,Malvaweg,7,,ALG1032
2042,8042HP,Malvaweg,9,,ALG1032
2085,8042HS,Mirteweg,27,,ALG1032
2076,8042HT,Mirteweg,12,,ALG1032
2077,8042HT,Mirteweg,14,,ALG1032
2078,8042HT,Mirteweg,16,,ALG1032
2079,8042HT,Mirteweg,18,,ALG1032
2080,8042HT,Mirteweg,20,,ALG1032
2081,8042HT,Mirteweg,22,,ALG1032
2083,8042HT,Mirteweg,24,,ALG1032
2084,8042HT,Mirteweg,26,,ALG1032
2086,8042HT,Mirteweg,30,,ALG1032
2088,8042HT,Mirteweg,32,,ALG1032
2090,8042HT,Mirteweg,34,,ALG1032
2091,8042HT,Mirteweg,36,,ALG1032
2059,8042HV,Melissepad,10,,ALG1032
2060,8042HV,Melissepad,12,,ALG1032
2057,8042HV,Melissepad,2,,ALG1032
2024,8042JA,Kummelweg,11,,ALG1032
2025,8042JA,Kummelweg,15,,ALG1032
2026,8042JA,Kummelweg,17,,ALG1032
2028,8042JA,Kummelweg,21,,ALG1032
2029,8042JA,Kummelweg,27,,ALG1032
2020,8042JA,Kummelweg,3,,ALG1032
2023,8042JA,Kummelweg,9,,ALG1032
2030,8042JB,Kummelweg,34,,ALG1032
2031,8042JB,Kummelweg,36,,ALG1032
2032,8042JB,Kummelweg,38,,ALG1032
2033,8042JB,Kummelweg,40,,ALG1032
2034,8042JB,Kummelweg,42,,ALG1032
2035,8042JB,Kummelweg,44,,ALG1032
2036,8042JB,Kummelweg,46,,ALG1032
2037,8042JB,Kummelweg,48,,ALG1032
2022,8042JB,Kummelweg,8,,ALG1032
2001,8042JC,Knoopkruidweg,1,,ALG1032
2005,8042JC,Knoopkruidweg,12,,ALG1032
2002,8042JC,Knoopkruidweg,3,,ALG1032
2003,8042JC,Knoopkruidweg,5,,ALG1032
2004,8042JC,Knoopkruidweg,7,,ALG1032
2010,8042JD,Kruizemuntweg,10,,ALG1032
2011,8042JD,Kruizemuntweg,12,,ALG1032
2012,8042JD,Kruizemuntweg,14,,ALG1032
2013,8042JD,Kruizemuntweg,16,,ALG1032
2014,8042JD,Kruizemuntweg,18,,ALG1032
2006,8042JD,Kruizemuntweg,2,,ALG1032
2015,8042JD,Kruizemuntweg,20,,ALG1032
2016,8042JD,Kruizemuntweg,22,,ALG1032
2017,8042JD,Kruizemuntweg,24,,ALG1032
2018,8042JD,Kruizemuntweg,26,,ALG1032
2019,8042JD,Kruizemuntweg,28,,ALG1032
2007,8042JD,Kruizemuntweg,4,,ALG1032
2008,8042JD,Kruizemuntweg,6,,ALG1032
2009,8042JD,Kruizemuntweg,8,,ALG1032
2363,8042MH,Tormentilweg,23,,ALG1035
2364,8042MH,Tormentilweg,25,,ALG1035
2365,8042MH,Tormentilweg,27,,ALG1035
2366,8042MH,Tormentilweg,29,,ALG1035
2367,8042MH,Tormentilweg,31,,ALG1035
2368,8042MH,Tormentilweg,33,,ALG1035
2369,8042MH,Tormentilweg,35,,ALG1035
2370,8042MK,Tormentilweg,62,,ALG1035
2371,8042MK,Tormentilweg,64,,ALG1035
2372,8042MK,Tormentilweg,66,,ALG1035
2373,8042MK,Tormentilweg,68,,ALG1035
2374,8042MK,Tormentilweg,70,,ALG1035
2375,8042MK,Tormentilweg,72,,ALG1035
2376,8042MK,Tormentilweg,74,,ALG1035
2377,8042MK,Tormentilweg,76,,ALG1035
2378,8042MK,Tormentilweg,78,,ALG1035
2379,8042MK,Tormentilweg,80,,ALG1035
2347,8042MN,Pimpernelweg,1,,ALG1035
2352,8042MN,Pimpernelweg,11,,ALG1035
2353,8042MN,Pimpernelweg,13,,ALG1035
2354,8042MN,Pimpernelweg,15,,ALG1035
2355,8042MN,Pimpernelweg,17,,ALG1035
2356,8042MN,Pimpernelweg,19,,ALG1035
2357,8042MN,Pimpernelweg,21,,ALG1035
2348,8042MN,Pimpernelweg,3,,ALG1035
2349,8042MN,Pimpernelweg,5,,ALG1035
2350,8042MN,Pimpernelweg,7,,ALG1035
2351,8042MN,Pimpernelweg,9,,ALG1035
2358,8042MR,Pimpernelweg,72,,ALG1035
2359,8042MR,Pimpernelweg,74,,ALG1035
2395,8042MR,Pimpernelweg,76,,ALG1035
2360,8042MR,Pimpernelweg,78,,ALG1035
2361,8042MR,Pimpernelweg,80,,ALG1035
2362,8042MR,Pimpernelweg,82,,ALG1035
2204,8042NA,Weidesteenlaan,10,,ALG1033
2205,8042NA,Weidesteenlaan,12,,ALG1033
2206,8042NA,Weidesteenlaan,14,,ALG1033
2207,8042NA,Weidesteenlaan,16,,ALG1033
2208,8042NA,Weidesteenlaan,18,,ALG1033
2201,8042NA,Weidesteenlaan,2,,ALG1033
2209,8042NA,Weidesteenlaan,20,,ALG1033
2210,8042NA,Weidesteenlaan,22,,ALG1033
2211,8042NA,Weidesteenlaan,24,,ALG1033
2212,8042NA,Weidesteenlaan,26,,ALG1033
2213,8042NA,Weidesteenlaan,28,,ALG1033
2214,8042NA,Weidesteenlaan,30,,ALG1033
2215,8042NA,Weidesteenlaan,32,,ALG1033
2216,8042NA,Weidesteenlaan,34,,ALG1033
2217,8042NA,Weidesteenlaan,36,,ALG1033
2218,8042NA,Weidesteenlaan,38,,ALG1033
2202,8042NA,Weidesteenlaan,4,,ALG1033
2219,8042NA,Weidesteenlaan,40,,ALG1033
2220,8042NA,Weidesteenlaan,42,,ALG1033
2221,8042NA,Weidesteenlaan,44,,ALG1033
2222,8042NA,Weidesteenlaan,46,,ALG1033
2223,8042NA,Weidesteenlaan,48,,ALG1033
2224,8042NA,Weidesteenlaan,50,,ALG1033
2225,8042NA,Weidesteenlaan,52,,ALG1033
2203,8042NA,Weidesteenlaan,8,,ALG1033
2226,8042NB,Weidesteenlaan,54,,ALG1033
2227,8042NB,Weidesteenlaan,56,,ALG1033
2228,8042NB,Weidesteenlaan,58,,ALG1033
2229,8042NB,Weidesteenlaan,60,,ALG1033
2230,8042NB,Weidesteenlaan,62,,ALG1033
2231,8042NB,Weidesteenlaan,64,,ALG1033
2232,8042NB,Weidesteenlaan,66,,ALG1033
2233,8042NB,Weidesteenlaan,68,,ALG1033
2234,8042NB,Weidesteenlaan,70,,ALG1033
2235,8042NB,Weidesteenlaan,72,,ALG1033
2236,8042NB,Weidesteenlaan,74,,ALG1033
2158,8042ND,Valeriaanweg,10,,ALG1033
2160,8042ND,Valeriaanweg,12,,ALG1033
2162,8042ND,Valeriaanweg,14,,ALG1033
2164,8042ND,Valeriaanweg,16,,ALG1033
2166,8042ND,Valeriaanweg,18,,ALG1033
2150,8042ND,Valeriaanweg,2,,ALG1033
2168,8042ND,Valeriaanweg,20,,ALG1033
2170,8042ND,Valeriaanweg,22,,ALG1033
2172,8042ND,Valeriaanweg,24,,ALG1033
2174,8042ND,Valeriaanweg,26,,ALG1033
2176,8042ND,Valeriaanweg,28,,ALG1033
2178,8042ND,Valeriaanweg,30,,ALG1033
2180,8042ND,Valeriaanweg,32,,ALG1033
2152,8042ND,Valeriaanweg,4,,ALG1033
2154,8042ND,Valeriaanweg,6,,ALG1033
2156,8042ND,Valeriaanweg,8,,ALG1033
2182,8042NE,Valeriaanweg,34,,ALG1033
2184,8042NE,Valeriaanweg,36,,ALG1033
2186,8042NE,Valeriaanweg,38,,ALG1033
2188,8042NE,Valeriaanweg,40,,ALG1033
2190,8042NE,Valeriaanweg,42,,ALG1033
2192,8042NE,Valeriaanweg,44,,ALG1033
2194,8042NE,Valeriaanweg,46,,ALG1033
2196,8042NE,Valeriaanweg,48,,ALG1033
2198,8042NE,Valeriaanweg,50,,ALG1033
2200,8042NE,Valeriaanweg,52,,ALG1033
2149,8042NG,Valeriaanweg,1,,ALG1033
2159,8042NG,Valeriaanweg,11,,ALG1033
2161,8042NG,Valeriaanweg,13,,ALG1033
2163,8042NG,Valeriaanweg,15,,ALG1033
2165,8042NG,Valeriaanweg,17,,ALG1033
2167,8042NG,Valeriaanweg,19,,ALG1033
2169,8042NG,Valeriaanweg,21,,ALG1033
2171,8042NG,Valeriaanweg,23,,ALG1033
2173,8042NG,Valeriaanweg,25,,ALG1033
2175,8042NG,Valeriaanweg,27,,ALG1033
2177,8042NG,Valeriaanweg,29,,ALG1033
2151,8042NG,Valeriaanweg,3,,ALG1033
2179,8042NG,Valeriaanweg,31,,ALG1033
2181,8042NG,Valeriaanweg,33,,ALG1033
2183,8042NG,Valeriaanweg,35,,ALG1033
2153,8042NG,Valeriaanweg,5,,ALG1033
2155,8042NG,Valeriaanweg,7,,ALG1033
2157,8042NG,Valeriaanweg,9,,ALG1033
2185,8042NH,Valeriaanweg,37,,ALG1033
2187,8042NH,Valeriaanweg,39,,ALG1033
2189,8042NH,Valeriaanweg,41,,ALG1033
2191,8042NH,Valeriaanweg,43,,ALG1033
2193,8042NH,Valeriaanweg,45,,ALG1033
2195,8042NH,Valeriaanweg,47,,ALG1033
2197,8042NH,Valeriaanweg,49,,ALG1033
2199,8042NH,Valeriaanweg,51,,ALG1033
2119,8042NK,Pepermuntweg,12,,ALG1033
2111,8042NK,Pepermuntweg,4,,ALG1033
2113,8042NK,Pepermuntweg,6,,ALG1033
2118,8042NL,Pepermuntweg,11,,ALG1033
2122,8042NL,Pepermuntweg,15,,ALG1033
2127,8042NL,Pepermuntweg,23,,ALG1033
2128,8042NL,Pepermuntweg,25,,ALG1033
2130,8042NL,Pepermuntweg,29,,ALG1033
2110,8042NL,Pepermuntweg,3,,ALG1033
2112,8042NL,Pepermuntweg,5,,ALG1033
2131,8042NM,Pepermuntweg,31,,ALG1033
2133,8042NM,Pepermuntweg,35,,ALG1033
2134,8042NM,Pepermuntweg,37,,ALG1033
2141,8042NM,Pepermuntweg,51,,ALG1033
2142,8042NM,Pepermuntweg,53,,ALG1033
2143,8042NM,Pepermuntweg,55,,ALG1033
2144,8042NM,Pepermuntweg,57,,ALG1033
2145,8042NM,Pepermuntweg,59,,ALG1033
2146,8042NM,Pepermuntweg,61,,ALG1033
2147,8042NM,Pepermuntweg,63,,ALG1033
2148,8042NM,Pepermuntweg,65,,ALG1033
2103,8042NP,Penningkruidweg,10,,ALG1033
2104,8042NP,Penningkruidweg,12,,ALG1033
2105,8042NP,Penningkruidweg,14,,ALG1033
2106,8042NP,Penningkruidweg,16,,ALG1033
2107,8042NP,Penningkruidweg,18,,ALG1033
2099,8042NP,Penningkruidweg,2,,ALG1033
2108,8042NP,Penningkruidweg,20,,ALG1033
2100,8042NP,Penningkruidweg,4,,ALG1033
2101,8042NP,Penningkruidweg,6,,ALG1033
2102,8042NP,Penningkruidweg,8,,ALG1033
2380,8042NZ,Weidesteenlaan,57,,ALG1035
2381,8042NZ,Weidesteenlaan,59,,ALG1035
2382,8042NZ,Weidesteenlaan,61,,ALG1035
2383,8042NZ,Weidesteenlaan,63,,ALG1035
2384,8042NZ,Weidesteenlaan,65,,ALG1035
2385,8042NZ,Weidesteenlaan,67,,ALG1035
2386,8042NZ,Weidesteenlaan,69,,ALG1035
2387,8042NZ,Weidesteenlaan,71,,ALG1035
2388,8042NZ,Weidesteenlaan,73,,ALG1035
2389,8042NZ,Weidesteenlaan,75,,ALG1035
2390,8042NZ,Weidesteenlaan,77,,ALG1035
2391,8042NZ,Weidesteenlaan,79,,ALG1035
2392,8042NZ,Weidesteenlaan,81,,ALG1035
2393,8042NZ,Weidesteenlaan,83,,ALG1035
2394,8042NZ,Weidesteenlaan,85,,ALG1035
2821,8012BR,Leliestraat,36,,ALG1042
2822,8012BR,Leliestraat,38,,ALG1042
2819,8012BR,Leliestraat,38,A,ALG1042
2823,8012BR,Leliestraat,40,,ALG1042
2820,8012BR,Leliestraat,40,A,ALG1042
2800,8012CP,Anjelierstraat,19,,ALG1042
2801,8012CP,Anjelierstraat,21,,ALG1042
2802,8012CP,Anjelierstraat,23,,ALG1042
2803,8012CP,Anjelierstraat,25,,ALG1042
2804,8012CP,Anjelierstraat,27,,ALG1042
2805,8012CP,Anjelierstraat,29,,ALG1042
2806,8012CP,Anjelierstraat,31,,ALG1042
2808,8012CP,Anjelierstraat,33,,ALG1042
2807,8012CS,Anjelierstraat,32,,ALG1042
2809,8012CS,Anjelierstraat,34,,ALG1042
2810,8012CS,Anjelierstraat,36,,ALG1042
2811,8012CS,Anjelierstraat,38,,ALG1042
2812,8012CS,Anjelierstraat,40,,ALG1042
2813,8012CS,Anjelierstraat,42,,ALG1042
2814,8012CS,Anjelierstraat,44,,ALG1042
2815,8012CS,Anjelierstraat,46,,ALG1042
2816,8012CS,Anjelierstraat,48,,ALG1042
2817,8012CS,Anjelierstraat,50,,ALG1042
2818,8012CS,Anjelierstraat,52,,ALG1042
2786,8012EJ,Assendorperdijk,116,,ALG1041
2914,8013TB,Goudenregenstraat,83,A,ALG1046
2917,8013TB,Goudenregenstraat,85,,ALG1046
2915,8013TB,Goudenregenstraat,85,A,ALG1046
2916,8013TB,Goudenregenstraat,83,,ALG1046
2961,8013TT,Violierenstraat,10,,ALG1046
2939,8013TT,Violierenstraat,10,A,ALG1046
2962,8013TT,Violierenstraat,12,,ALG1046
2940,8013TT,Violierenstraat,12,A,ALG1046
2957,8013TT,Violierenstraat,2,,ALG1046
2970,8013TV,Violierenstraat,28,,ALG1046
2948,8013TV,Violierenstraat,28,A,ALG1046
2949,8013TT,Violierenstraat,2,A,ALG1046
2974,8013TV,Violierenstraat,36,,ALG1046
2953,8013TV,Violierenstraat,36,A,ALG1046
2958,8013TT,Violierenstraat,4,,ALG1046
2954,8013TT,Violierenstraat,4,A,ALG1046
2959,8013TT,Violierenstraat,6,,ALG1046
2955,8013TT,Violierenstraat,6,A,ALG1046
2960,8013TT,Violierenstraat,8,,ALG1046
2956,8013TT,Violierenstraat,8,A,ALG1046
2963,8013TV,Violierenstraat,14,,ALG1046
2941,8013TV,Violierenstraat,14,A,ALG1046
2964,8013TV,Violierenstraat,16,,ALG1046
2942,8013TV,Violierenstraat,16,A,ALG1046
2965,8013TV,Violierenstraat,18,,ALG1046
2943,8013TV,Violierenstraat,18,A,ALG1046
2966,8013TV,Violierenstraat,20,,ALG1046
2944,8013TV,Violierenstraat,20,A,ALG1046
2967,8013TV,Violierenstraat,22,,ALG1046
2945,8013TV,Violierenstraat,22,A,ALG1046
2968,8013TV,Violierenstraat,24,,ALG1046
2946,8013TV,Violierenstraat,24,A,ALG1046
2969,8013TV,Violierenstraat,26,,ALG1046
2947,8013TV,Violierenstraat,26,A,ALG1046
2971,8013TV,Violierenstraat,30,,ALG1046
2950,8013TV,Violierenstraat,30,A,ALG1046
2972,8013TV,Violierenstraat,32,,ALG1046
2951,8013TV,Violierenstraat,32,A,ALG1046
2973,8013TV,Violierenstraat,34,,ALG1046
2952,8013TV,Violierenstraat,34,A,ALG1046
2793,8012XA,Sallandstraat,17,,ALG1041
2795,8012XA,Sallandstraat,21,,ALG1041
2798,8012XA,Sallandstraat,27,,ALG1041
2787,8012XA,Sallandstraat,3,,ALG1041
2788,8012XA,Sallandstraat,5,,ALG1041
2789,8012XA,Sallandstraat,7,,ALG1041
2928,8012XR,Korenbloemstraat,33,,ALG1046
2918,8012XR,Korenbloemstraat,33,A,ALG1046
2929,8012XR,Korenbloemstraat,35,,ALG1046
2919,8012XR,Korenbloemstraat,35,A,ALG1046
2930,8012XR,Korenbloemstraat,37,,ALG1046
2920,8012XR,Korenbloemstraat,37,A,ALG1046
2931,8012XR,Korenbloemstraat,39,,ALG1046
2921,8012XR,Korenbloemstraat,39,A,ALG1046
2933,8012XR,Korenbloemstraat,41,,ALG1046
2923,8012XR,Korenbloemstraat,41,A,ALG1046
2932,8012XT,Korenbloemstraat,40,,ALG1046
2922,8012XT,Korenbloemstraat,40,A,ALG1046
2934,8012XT,Korenbloemstraat,42,,ALG1046
2924,8012XT,Korenbloemstraat,42,A,ALG1046
2935,8012XT,Korenbloemstraat,44,,ALG1046
2925,8012XT,Korenbloemstraat,44,A,ALG1046
2936,8012XT,Korenbloemstraat,46,,ALG1046
2926,8012XT,Korenbloemstraat,46,A,ALG1046
2937,8012XT,Korenbloemstraat,48,,ALG1046
2927,8012XT,Korenbloemstraat,48,A,ALG1046
2910,8012XW,Anemoonstraat,14,,ALG1046
2906,8012XW,Anemoonstraat,14,A,ALG1046
2911,8012XW,Anemoonstraat,16,,ALG1046
2907,8012XW,Anemoonstraat,16,A,ALG1046
2912,8012XW,Anemoonstraat,18,,ALG1046
2908,8012XW,Anemoonstraat,18,A,ALG1046
2913,8012XW,Anemoonstraat,20,,ALG1046
2909,8012XW,Anemoonstraat,20,A,ALG1046
2938,8013XL,Korenbloemstraat,92,,ALG1046
2682,8014WB,Ministerlaan,54,,ALG1040
2683,8014WB,Ministerlaan,56,,ALG1040
2684,8014WB,Ministerlaan,58,,ALG1040
2688,8014WB,Ministerlaan,66,,ALG1040
2690,8014WB,Ministerlaan,70,,ALG1040
2692,8014WB,Ministerlaan,76,,ALG1040
2693,8014WB,Ministerlaan,78,,ALG1040
2694,8014WB,Ministerlaan,80,,ALG1040
2709,8014WC,Ministerlaan,104,,ALG1040
2696,8014WC,Ministerlaan,86,,ALG1040
2697,8014WC,Ministerlaan,88,,ALG1040
2698,8014WC,Ministerlaan,90,,ALG1040
2699,8014WC,Ministerlaan,92,,ALG1040
2702,8014WC,Ministerlaan,96,,ALG1040
2768,8014WD,Ministerlaan,101,,ALG1040
2708,8014WD,Ministerlaan,103,,ALG1040
2713,8014WD,Ministerlaan,109,,ALG1040
2714,8014WD,Ministerlaan,111,,ALG1040
2716,8014WD,Ministerlaan,115,,ALG1040
2717,8014WD,Ministerlaan,117,,ALG1040
2718,8014WD,Ministerlaan,119,,ALG1040
2721,8014WD,Ministerlaan,125,,ALG1040
2723,8014WD,Ministerlaan,129,,ALG1040
2724,8014WD,Ministerlaan,131,,ALG1040
2701,8014WD,Ministerlaan,95,,ALG1040
2705,8014WD,Ministerlaan,99,,ALG1040
2726,8014WE,Ministerlaan,135,,ALG1040
2730,8014WE,Ministerlaan,143,,ALG1040
2736,8014WE,Ministerlaan,155,,ALG1040
2738,8014WE,Ministerlaan,159,,ALG1040
2740,8014WG,Ministerlaan,163,,ALG1040
2743,8014WG,Ministerlaan,169,,ALG1040
2744,8014WG,Ministerlaan,171,,ALG1040
2751,8014WG,Ministerlaan,185,,ALG1040
2753,8014WG,Ministerlaan,189,,ALG1040
2754,8014WG,Ministerlaan,191,,ALG1040
2760,8014WH,Tak van Poortvlietware,10,,ALG1040
2761,8014WH,Tak van Poortvlietware,12,,ALG1040
2762,8014WH,Tak van Poortvlietware,14,,ALG1040
2763,8014WH,Tak van Poortvlietware,16,,ALG1040
2765,8014WH,Tak van Poortvlietware,20,,ALG1040
2778,8014WH,Tak van Poortvlietware,26,,ALG1040
2779,8014WH,Tak van Poortvlietware,28,,ALG1040
2780,8014WH,Tak van Poortvlietware,30,,ALG1040
2781,8014WH,Tak van Poortvlietware,32,,ALG1040
2782,8014WH,Tak van Poortvlietware,34,,ALG1040
2783,8014WH,Tak van Poortvlietware,36,,ALG1040
2784,8014WH,Tak van Poortvlietware,38,,ALG1040
2757,8014WH,Tak van Poortvlietware,4,,ALG1040
2785,8014WH,Tak van Poortvlietware,40,,ALG1040
2770,8014WH,Tak van Poortvlietware,44,,ALG1040
2771,8014WH,Tak van Poortvlietware,46,,ALG1040
2758,8014WH,Tak van Poortvlietware,6,,ALG1040
2773,8014WS,Rochussenware,1,,ALG1040
2774,8014WS,Rochussenware,3,,ALG1040
2775,8014WS,Rochussenware,5,,ALG1040
2776,8014WS,Rochussenware,7,,ALG1040
2829,8021XC,Beukenstraat,100,,ALG1045
2830,8021XC,Beukenstraat,102,,ALG1045
2832,8021XC,Beukenstraat,106,,ALG1045
2834,8021XC,Beukenstraat,110,,ALG1045
2827,8021XC,Beukenstraat,96,,ALG1045
2828,8021XC,Beukenstraat,98,,ALG1045
2836,8021XD,Beukenstraat,114,,ALG1045
2840,8021XD,Beukenstraat,122,,ALG1045
2846,8021XD,Beukenstraat,134,,ALG1045
2849,8021XD,Beukenstraat,140,,ALG1045
2850,8021XD,Beukenstraat,142,,ALG1045
2852,8021XD,Beukenstraat,146,,ALG1045
2866,8021XP,Kastanjestraat,65,,ALG1045
2868,8021XP,Kastanjestraat,69,,ALG1045
2872,8021XR,Kastanjestraat,77,,ALG1045
2873,8021XR,Kastanjestraat,79,,ALG1045
2874,8021XR,Kastanjestraat,81,,ALG1045
2875,8021XR,Kastanjestraat,83,,ALG1045
2877,8021XR,Kastanjestraat,87,,ALG1045
2853,8021XT,Kastanjestraat,36,,ALG1045
2858,8021XT,Kastanjestraat,46,,ALG1045
2859,8021XT,Kastanjestraat,48,,ALG1045
2860,8021XT,Kastanjestraat,50,,ALG1045
2861,8021XT,Kastanjestraat,52,,ALG1045
2862,8021XT,Kastanjestraat,54,,ALG1045
2863,8021XT,Kastanjestraat,56,,ALG1045
2864,8021XT,Kastanjestraat,58,,ALG1045
2865,8021XT,Kastanjestraat,60,,ALG1045
2880,8021XV,Wilgenstraat,35,,ALG1045
2883,8021XV,Wilgenstraat,41,,ALG1045
2884,8021XV,Wilgenstraat,43,,ALG1045
2887,8021XV,Wilgenstraat,49,,ALG1045
2889,8021XV,Wilgenstraat,53,,ALG1045
2891,8021XV,Wilgenstraat,55,,ALG1045
2895,8021XW,Wilgenstraat,61,,ALG1045
2896,8021XW,Wilgenstraat,63,,ALG1045
2897,8021XW,Wilgenstraat,65,,ALG1045
2898,8021XW,Wilgenstraat,67,,ALG1045
2899,8021XW,Wilgenstraat,69,,ALG1045
2901,8021XW,Wilgenstraat,73,,ALG1045
2902,8021XW,Wilgenstraat,75,,ALG1045
2903,8021XW,Wilgenstraat,77,,ALG1045
2904,8021XW,Wilgenstraat,79,,ALG1045
2890,8021XX,Wilgenstraat,54,,ALG1045
2892,8021XZ,Wilgenstraat,56,,ALG1045
2878,8021ZA,Populierenstraat,39,,ALG1045
3000,8023WB,De Rijpstraat,1,,ALG1048
2999,8023WB,De Rijpstraat,1,A,ALG1048
3010,8023WB,De Rijpstraat,11,,ALG1048
3012,8023WB,De Rijpstraat,13,,ALG1048
3014,8023WB,De Rijpstraat,15,,ALG1048
3016,8023WB,De Rijpstraat,17,,ALG1048
3018,8023WB,De Rijpstraat,19,,ALG1048
3020,8023WB,De Rijpstraat,21,,ALG1048
3022,8023WB,De Rijpstraat,23,,ALG1048
3024,8023WB,De Rijpstraat,25,,ALG1048
3026,8023WB,De Rijpstraat,27,,ALG1048
3002,8023WB,De Rijpstraat,3,,ALG1048
3004,8023WB,De Rijpstraat,5,,ALG1048
3006,8023WB,De Rijpstraat,7,,ALG1048
3008,8023WB,De Rijpstraat,9,,ALG1048
3009,8023WC,De Rijpstraat,10,,ALG1048
3011,8023WC,De Rijpstraat,12,,ALG1048
3013,8023WC,De Rijpstraat,14,,ALG1048
3015,8023WC,De Rijpstraat,16,,ALG1048
3017,8023WC,De Rijpstraat,18,,ALG1048
3001,8023WC,De Rijpstraat,2,,ALG1048
3019,8023WC,De Rijpstraat,20,,ALG1048
3021,8023WC,De Rijpstraat,22,,ALG1048
3023,8023WC,De Rijpstraat,24,,ALG1048
3025,8023WC,De Rijpstraat,26,,ALG1048
3027,8023WC,De Rijpstraat,28,,ALG1048
3028,8023WC,De Rijpstraat,30,,ALG1048
3029,8023WC,De Rijpstraat,32,,ALG1048
3030,8023WC,De Rijpstraat,34,,ALG1048
3031,8023WC,De Rijpstraat,36,,ALG1048
3032,8023WC,De Rijpstraat,38,,ALG1048
3003,8023WC,De Rijpstraat,4,,ALG1048
3033,8023WC,De Rijpstraat,40,,ALG1048
3034,8023WC,De Rijpstraat,42,,ALG1048
3035,8023WC,De Rijpstraat,44,,ALG1048
3036,8023WC,De Rijpstraat,46,,ALG1048
3005,8023WC,De Rijpstraat,6,,ALG1048
3007,8023WC,De Rijpstraat,8,,ALG1048
2993,8023WN,Willem Barentszstraat,21,,ALG1048
2986,8023WN,Willem Barentszstraat,21,A,ALG1048
2995,8023WN,Willem Barentszstraat,23,,ALG1048
2987,8023WN,Willem Barentszstraat,23,A,ALG1048
2996,8023WN,Willem Barentszstraat,25,,ALG1048
2988,8023WN,Willem Barentszstraat,25,A,ALG1048
2997,8023WN,Willem Barentszstraat,27,,ALG1048
2989,8023WN,Willem Barentszstraat,27,A,ALG1048
2998,8023WN,Willem Barentszstraat,29,,ALG1048
2990,8023WN,Willem Barentszstraat,29,A,ALG1048
2991,8023WR,Willem Barentszstraat,18,,ALG1048
2992,8023WR,Willem Barentszstraat,20,,ALG1048
2994,8023WR,Willem Barentszstraat,22,,ALG1048
3053,8023WR,Willem Barentszstraat,40,,ALG1049
3039,8023WR,Willem Barentszstraat,40,A,ALG1049
3054,8023WR,Willem Barentszstraat,42,,ALG1049
3040,8023WR,Willem Barentszstraat,42,A,ALG1049
3055,8023WR,Willem Barentszstraat,44,,ALG1049
3041,8023WR,Willem Barentszstraat,44,A,ALG1049
3056,8023WS,Willem Barentszstraat,46,,ALG1049
3057,8023WS,Willem Barentszstraat,48,,ALG1049
3042,8023WS,Willem Barentszstraat,48,A,ALG1049
3058,8023WS,Willem Barentszstraat,50,,ALG1049
3043,8023WS,Willem Barentszstraat,50,A,ALG1049
3059,8023WS,Willem Barentszstraat,52,,ALG1049
3044,8023WS,Willem Barentszstraat,52,A,ALG1049
3060,8023WS,Willem Barentszstraat,54,,ALG1049
3045,8023WS,Willem Barentszstraat,54,A,ALG1049
3062,8023WS,Willem Barentszstraat,58,,ALG1049
3046,8023WS,Willem Barentszstraat,58,A,ALG1049
3063,8023WS,Willem Barentszstraat,60,,ALG1049
3047,8023WS,Willem Barentszstraat,60,A,ALG1049
3064,8023WS,Willem Barentszstraat,62,,ALG1049
3048,8023WS,Willem Barentszstraat,62,A,ALG1049
3065,8023WS,Willem Barentszstraat,64,,ALG1049
3049,8023WS,Willem Barentszstraat,64,A,ALG1049
3066,8023WS,Willem Barentszstraat,66,,ALG1049
3050,8023WS,Willem Barentszstraat,66,A,ALG1049
3067,8023WS,Willem Barentszstraat,68,,ALG1049
3051,8023WS,Willem Barentszstraat,68,A,ALG1049
3068,8023WS,Willem Barentszstraat,70,,ALG1049
3052,8023WS,Willem Barentszstraat,70,A,ALG1049
3079,8023WT,Bontekoestraat,11,,ALG1049
3083,8023WT,Bontekoestraat,15,,ALG1049
3087,8023WT,Bontekoestraat,19,,ALG1049
3089,8023WT,Bontekoestraat,21,,ALG1049
3071,8023WT,Bontekoestraat,3,,ALG1049
3099,8023WT,Bontekoestraat,31,,ALG1049
3101,8023WT,Bontekoestraat,33,,ALG1049
3102,8023WT,Bontekoestraat,35,,ALG1049
3073,8023WT,Bontekoestraat,5,,ALG1049
3075,8023WT,Bontekoestraat,7,,ALG1049
3080,8023WV,Bontekoestraat,12,,ALG1049
3082,8023WV,Bontekoestraat,14,,ALG1049
3084,8023WV,Bontekoestraat,16,,ALG1049
3070,8023WV,Bontekoestraat,2,,ALG1049
3090,8023WV,Bontekoestraat,22,,ALG1049
3092,8023WV,Bontekoestraat,24,,ALG1049
3094,8023WV,Bontekoestraat,26,,ALG1049
3096,8023WV,Bontekoestraat,28,,ALG1049
3098,8023WV,Bontekoestraat,30,,ALG1049
3072,8023WV,Bontekoestraat,4,,ALG1049
3076,8023WV,Bontekoestraat,8,,ALG1049
3103,8023WX,Van Diemenstraat,1,,ALG1049
3113,8023WX,Van Diemenstraat,11,,ALG1049
3115,8023WX,Van Diemenstraat,13,,ALG1049
3117,8023WX,Van Diemenstraat,15,,ALG1049
3119,8023WX,Van Diemenstraat,17,,ALG1049
3121,8023WX,Van Diemenstraat,19,,ALG1049
3125,8023WX,Van Diemenstraat,23,,ALG1049
3129,8023WX,Van Diemenstraat,27,,ALG1049
3107,8023WX,Van Diemenstraat,5,,ALG1049
3111,8023WX,Van Diemenstraat,9,,ALG1049
3112,8023WZ,Van Diemenstraat,10,,ALG1049
3116,8023WZ,Van Diemenstraat,14,,ALG1049
3118,8023WZ,Van Diemenstraat,16,,ALG1049
3120,8023WZ,Van Diemenstraat,18,,ALG1049
3122,8023WZ,Van Diemenstraat,20,,ALG1049
3124,8023WZ,Van Diemenstraat,22,,ALG1049
3126,8023WZ,Van Diemenstraat,24,,ALG1049
3106,8023WZ,Van Diemenstraat,4,,ALG1049
3108,8023WZ,Van Diemenstraat,6,,ALG1049
3110,8023WZ,Van Diemenstraat,8,,ALG1049
3150,8023XA,Planciusstraat,13,,ALG1049
3154,8023XA,Planciusstraat,17,,ALG1049
3155,8023XA,Planciusstraat,19,,ALG1049
3144,8023XA,Planciusstraat,7,,ALG1049
3146,8023XA,Planciusstraat,9,,ALG1049
3147,8023XB,Planciusstraat,10,,ALG1049
3130,8023XB,Planciusstraat,10,A,ALG1049
3149,8023XB,Planciusstraat,12,,ALG1049
3131,8023XB,Planciusstraat,12,A,ALG1049
3151,8023XB,Planciusstraat,14,,ALG1049
3132,8023XB,Planciusstraat,14,A,ALG1049
3153,8023XB,Planciusstraat,16,,ALG1049
3133,8023XB,Planciusstraat,16,A,ALG1049
3139,8023XB,Planciusstraat,2,,ALG1049
3134,8023XB,Planciusstraat,2,A,ALG1049
3141,8023XB,Planciusstraat,4,,ALG1049
3135,8023XB,Planciusstraat,4,A,ALG1049
3143,8023XB,Planciusstraat,6,,ALG1049
3136,8023XB,Planciusstraat,6,A,ALG1049
3145,8023XB,Planciusstraat,8,,ALG1049
3137,8023XB,Planciusstraat,8,A,ALG1049
3184,8023XE,Abel Tasmanstraat,101,,ALG1049
3158,8023XD,Abel Tasmanstraat,49,,ALG1049
3159,8023XD,Abel Tasmanstraat,51,,ALG1049
3160,8023XD,Abel Tasmanstraat,53,,ALG1049
3161,8023XD,Abel Tasmanstraat,55,,ALG1049
3162,8023XD,Abel Tasmanstraat,57,,ALG1049
3163,8023XD,Abel Tasmanstraat,59,,ALG1049
3164,8023XD,Abel Tasmanstraat,61,,ALG1049
3165,8023XD,Abel Tasmanstraat,63,,ALG1049
3166,8023XD,Abel Tasmanstraat,65,,ALG1049
3167,8023XD,Abel Tasmanstraat,67,,ALG1049
3168,8023XD,Abel Tasmanstraat,69,,ALG1049
3169,8023XD,Abel Tasmanstraat,71,,ALG1049
3170,8023XD,Abel Tasmanstraat,73,,ALG1049
3171,8023XD,Abel Tasmanstraat,75,,ALG1049
3172,8023XD,Abel Tasmanstraat,77,,ALG1049
3173,8023XD,Abel Tasmanstraat,79,,ALG1049
3174,8023XD,Abel Tasmanstraat,81,,ALG1049
3175,8023XD,Abel Tasmanstraat,83,,ALG1049
3176,8023XD,Abel Tasmanstraat,85,,ALG1049
3177,8023XD,Abel Tasmanstraat,87,,ALG1049
3178,8023XD,Abel Tasmanstraat,89,,ALG1049
3185,8023XE,Abel Tasmanstraat,103,,ALG1049
3186,8023XE,Abel Tasmanstraat,105,,ALG1049
3187,8023XE,Abel Tasmanstraat,107,,ALG1049
3188,8023XE,Abel Tasmanstraat,109,,ALG1049
3189,8023XE,Abel Tasmanstraat,111,,ALG1049
3190,8023XE,Abel Tasmanstraat,113,,ALG1049
3179,8023XE,Abel Tasmanstraat,91,,ALG1049
3180,8023XE,Abel Tasmanstraat,93,,ALG1049
3181,8023XE,Abel Tasmanstraat,95,,ALG1049
3182,8023XE,Abel Tasmanstraat,97,,ALG1049
3183,8023XE,Abel Tasmanstraat,99,,ALG1049
3191,8023XG,Abel Tasmanstraat,115,,ALG1049
3192,8023XG,Abel Tasmanstraat,117,,ALG1049
3193,8023XG,Abel Tasmanstraat,119,,ALG1049
3194,8023XG,Abel Tasmanstraat,121,,ALG1049
3195,8023XG,Abel Tasmanstraat,123,,ALG1049
3196,8023XG,Abel Tasmanstraat,125,,ALG1049
3770,8021VT,Van Rossumstraat,29,,ALG1058
3772,8021VT,Van Rossumstraat,31,,ALG1058
3774,8021VT,Van Rossumstraat,33,,ALG1058
3776,8021VT,Van Rossumstraat,35,,ALG1058
3778,8021VT,Van Rossumstraat,37,,ALG1058
3780,8021VT,Van Rossumstraat,39,,ALG1058
3782,8021VT,Van Rossumstraat,41,,ALG1058
3784,8021VT,Van Rossumstraat,43,,ALG1058
3771,8021VV,Van Rossumstraat,30,,ALG1058
3773,8021VV,Van Rossumstraat,32,,ALG1058
3775,8021VV,Van Rossumstraat,34,,ALG1058
3777,8021VV,Van Rossumstraat,36,,ALG1058
3779,8021VV,Van Rossumstraat,38,,ALG1058
3781,8021VV,Van Rossumstraat,40,,ALG1058
3783,8021VV,Van Rossumstraat,42,,ALG1058
3785,8021VV,Van Rossumstraat,44,,ALG1058
3762,8021VW,Larixstraat,35,,ALG1058
3763,8021VW,Larixstraat,37,,ALG1058
3764,8021VW,Larixstraat,39,,ALG1058
3765,8021VW,Larixstraat,41,,ALG1058
3766,8021VW,Larixstraat,43,,ALG1058
3767,8021VW,Larixstraat,45,,ALG1058
3768,8021VW,Larixstraat,47,,ALG1058
3769,8021VW,Larixstraat,49,,ALG1058
3754,8021WD,Elzenstraat,33,,ALG1058
3755,8021WD,Elzenstraat,35,,ALG1058
3756,8021WD,Elzenstraat,37,,ALG1058
3757,8021WD,Elzenstraat,39,,ALG1058
3758,8021WD,Elzenstraat,41,,ALG1058
3759,8021WD,Elzenstraat,43,,ALG1058
3760,8021WD,Elzenstraat,45,,ALG1058
3761,8021WD,Elzenstraat,47,,ALG1058
3750,8021WE,Elzenstraat,10,,ALG1058
3751,8021WE,Elzenstraat,12,,ALG1058
3752,8021WE,Elzenstraat,14,,ALG1058
3753,8021WE,Elzenstraat,16,,ALG1058
3746,8021WE,Elzenstraat,2,,ALG1058
3747,8021WE,Elzenstraat,4,,ALG1058
3748,8021WE,Elzenstraat,6,,ALG1058
3749,8021WE,Elzenstraat,8,,ALG1058
3736,8021WH,Diezerenk,35,,ALG1058
3737,8021WH,Diezerenk,37,,ALG1058
3738,8021WH,Diezerenk,39,,ALG1058
3739,8021WH,Diezerenk,41,,ALG1058
3740,8021WH,Diezerenk,43,,ALG1058
3741,8021WH,Diezerenk,45,,ALG1058
3742,8021WH,Diezerenk,47,,ALG1058
3743,8021WH,Diezerenk,49,,ALG1058
3744,8021WK,Diezerenk,74,,ALG1058
3745,8021WK,Diezerenk,76,,ALG1058
19787,8022CD,Anthonie van der Heimstraat,46,,ALG1528
3363,8022RW,Zerboltstraat,1,,ALG1051
3368,8022RW,Zerboltstraat,11,,ALG1051
3369,8022RW,Zerboltstraat,13,,ALG1051
3370,8022RW,Zerboltstraat,15,,ALG1051
3371,8022RW,Zerboltstraat,17,,ALG1051
3372,8022RW,Zerboltstraat,19,,ALG1051
3373,8022RW,Zerboltstraat,21,,ALG1051
3374,8022RW,Zerboltstraat,23,,ALG1051
3375,8022RW,Zerboltstraat,25,,ALG1051
3376,8022RW,Zerboltstraat,27,,ALG1051
3377,8022RW,Zerboltstraat,29,,ALG1051
3364,8022RW,Zerboltstraat,3,,ALG1051
3378,8022RW,Zerboltstraat,31,,ALG1051
3379,8022RW,Zerboltstraat,33,,ALG1051
3380,8022RW,Zerboltstraat,35,,ALG1051
3381,8022RW,Zerboltstraat,37,,ALG1051
3382,8022RW,Zerboltstraat,39,,ALG1051
3383,8022RW,Zerboltstraat,41,,ALG1051
3384,8022RW,Zerboltstraat,43,,ALG1051
3385,8022RW,Zerboltstraat,45,,ALG1051
3386,8022RW,Zerboltstraat,47,,ALG1051
3387,8022RW,Zerboltstraat,49,,ALG1051
3365,8022RW,Zerboltstraat,5,,ALG1051
3388,8022RW,Zerboltstraat,51,,ALG1051
3389,8022RW,Zerboltstraat,53,,ALG1051
3390,8022RW,Zerboltstraat,55,,ALG1051
3391,8022RW,Zerboltstraat,57,,ALG1051
3392,8022RW,Zerboltstraat,59,,ALG1051
3366,8022RW,Zerboltstraat,7,,ALG1051
3367,8022RW,Zerboltstraat,9,,ALG1051
3556,8022RX,Zerboltstraat,2,,ALG1580
3557,8022RX,Zerboltstraat,4,,ALG1580
3558,8022RX,Zerboltstraat,6,,ALG1580
3559,8022RX,Zerboltstraat,8,,ALG1580
3560,8022RZ,Zerboltstraat,58,,ALG1580
3561,8022RZ,Zerboltstraat,60,,ALG1580
3562,8022RZ,Zerboltstraat,62,,ALG1580
3563,8022RZ,Zerboltstraat,64,,ALG1580
3564,8022RZ,Zerboltstraat,66,,ALG1580
3565,8022RZ,Zerboltstraat,68,,ALG1580
20046,8022SP,Jacob Gillesstraat,18,,ALG1529
19840,8022TM,Pieter Steijnstraat,4,,ALG1529
3868,8021CK,Middelweg,115,,ALG1062
3869,8021CK,Middelweg,117,,ALG1062
3870,8021CK,Middelweg,119,,ALG1062
3871,8021CK,Middelweg,121,,ALG1062
3872,8021CK,Middelweg,123,,ALG1062
3873,8021CK,Middelweg,125,,ALG1062
3874,8021CK,Middelweg,127,,ALG1062
3875,8021CK,Middelweg,129,,ALG1062
3876,8021CK,Middelweg,131,,ALG1062
3877,8021CK,Middelweg,133,,ALG1062
3878,8021CK,Middelweg,135,,ALG1062
3879,8021CK,Middelweg,139,,ALG1062
3880,8021CL,Middelweg,141,,ALG1062
3881,8021CL,Middelweg,143,,ALG1062
3882,8021CL,Middelweg,145,,ALG1062
3883,8021CL,Middelweg,147,,ALG1062
3884,8021CL,Middelweg,149,,ALG1062
3885,8021CL,Middelweg,151,,ALG1062
3886,8021CL,Middelweg,153,,ALG1062
3887,8021CL,Middelweg,155,,ALG1062
3888,8021CL,Middelweg,157,,ALG1062
3889,8021CL,Middelweg,159,,ALG1062
3890,8021CL,Middelweg,161,,ALG1062
3891,8021CL,Middelweg,163,,ALG1062
3892,8021CL,Middelweg,165,,ALG1062
3893,8021CL,Middelweg,167,,ALG1062
3894,8021CL,Middelweg,169,,ALG1062
3895,8021CL,Middelweg,171,,ALG1062
3896,8021CL,Middelweg,173,,ALG1062
3897,8021CL,Middelweg,175,,ALG1062
3898,8021CL,Middelweg,177,,ALG1062
3899,8021CL,Middelweg,179,,ALG1062
3900,8021CM,Middelweg,181,,ALG1062
3901,8021CM,Middelweg,183,,ALG1062
3902,8021CM,Middelweg,185,,ALG1062
3903,8021CM,Middelweg,187,,ALG1062
3904,8021CM,Middelweg,189,,ALG1062
3905,8021CM,Middelweg,191,,ALG1062
3906,8021CM,Middelweg,195,,ALG1062
3907,8021CM,Middelweg,197,,ALG1062
3908,8021CM,Middelweg,199,,ALG1062
3909,8021CM,Middelweg,201,,ALG1062
3910,8021CM,Middelweg,203,,ALG1062
3911,8021CM,Middelweg,205,,ALG1062
3912,8021CM,Middelweg,207,,ALG1062
3913,8021CN,Middelweg,209,,ALG1062
3914,8021CN,Middelweg,211,,ALG1062
3915,8021CN,Middelweg,213,,ALG1062
3916,8021CN,Middelweg,215,,ALG1062
3917,8021CN,Middelweg,217,,ALG1062
3918,8021CN,Middelweg,219,,ALG1062
3919,8021CN,Middelweg,221,,ALG1062
3920,8021CN,Middelweg,223,,ALG1062
3921,8021CN,Middelweg,225,,ALG1062
3922,8021CN,Middelweg,227,,ALG1062
3923,8021CN,Middelweg,229,,ALG1062
3924,8021CN,Middelweg,231,,ALG1062
3925,8021CN,Middelweg,233,,ALG1062
3838,8021XD,Beukenstraat,148,,ALG1061
3839,8021XD,Beukenstraat,150,,ALG1061
3840,8021XD,Beukenstraat,152,,ALG1061
3841,8021XD,Beukenstraat,154,,ALG1061
3842,8021XD,Beukenstraat,156,,ALG1061
3847,8021XG,Dennenstraat,10,,ALG1061
3848,8021XG,Dennenstraat,12,,ALG1061
3849,8021XG,Dennenstraat,14,,ALG1061
3850,8021XG,Dennenstraat,16,,ALG1061
3851,8021XG,Dennenstraat,18,,ALG1061
3843,8021XG,Dennenstraat,2,,ALG1061
3852,8021XG,Dennenstraat,20,,ALG1061
3853,8021XG,Dennenstraat,22,,ALG1061
3854,8021XG,Dennenstraat,24,,ALG1061
3844,8021XG,Dennenstraat,4,,ALG1061
3845,8021XG,Dennenstraat,6,,ALG1061
3846,8021XG,Dennenstraat,8,,ALG1061
3855,8021XJ,Iepenstraat,107,,ALG1061
3856,8021XJ,Iepenstraat,109,,ALG1061
3976,8021XK,Iepenstraat,40,,ALG1064
3977,8021XK,Iepenstraat,42,,ALG1064
3978,8021XK,Iepenstraat,44,,ALG1064
3979,8021XK,Iepenstraat,46,,ALG1064
3980,8021XK,Iepenstraat,48,,ALG1064
3981,8021XK,Iepenstraat,50,,ALG1064
3982,8021XK,Iepenstraat,52,,ALG1064
3983,8021XK,Iepenstraat,54,,ALG1064
3984,8021XK,Iepenstraat,56,,ALG1064
3857,8021XR,Kastanjestraat,89,,ALG1061
3858,8021XR,Kastanjestraat,91,,ALG1061
3859,8021XR,Kastanjestraat,93,,ALG1061
3860,8021XR,Kastanjestraat,95,,ALG1061
3861,8021XR,Kastanjestraat,97,,ALG1061
3862,8021XR,Kastanjestraat,99,,ALG1061
3865,8021XW,Wilgenstraat,83,,ALG1061
3866,8021XW,Wilgenstraat,85,,ALG1061
3867,8021XW,Wilgenstraat,87,,ALG1061
3985,8021XX,Wilgenstraat,16,,ALG1064
3986,8021XX,Wilgenstraat,18,,ALG1064
3987,8021XX,Wilgenstraat,20,,ALG1064
3988,8021XX,Wilgenstraat,22,,ALG1064
3989,8021XX,Wilgenstraat,24,,ALG1064
3990,8021XX,Wilgenstraat,26,,ALG1064
3991,8021XX,Wilgenstraat,28,,ALG1064
3992,8021XX,Wilgenstraat,30,,ALG1064
3863,8021XZ,Wilgenstraat,78,,ALG1061
3864,8021XZ,Wilgenstraat,80,,ALG1061
4185,8022RL,Mombaerstraat,21,,ALG1069
4186,8022RL,Mombaerstraat,23,,ALG1069
4187,8022RL,Mombaerstraat,25,,ALG1069
4188,8022RL,Mombaerstraat,27,,ALG1069
4189,8022RL,Mombaerstraat,29,,ALG1069
4190,8022RL,Mombaerstraat,31,,ALG1069
4191,8022RL,Mombaerstraat,33,,ALG1069
4192,8022RL,Mombaerstraat,35,,ALG1069
4193,8022RL,Mombaerstraat,37,,ALG1069
4194,8022RL,Mombaerstraat,39,,ALG1069
4195,8022RL,Mombaerstraat,41,,ALG1069
4196,8022RL,Mombaerstraat,43,,ALG1069
4197,8022RL,Mombaerstraat,45,,ALG1069
4198,8022RL,Mombaerstraat,47,,ALG1069
4199,8022RL,Mombaerstraat,49,,ALG1069
4200,8022RL,Mombaerstraat,51,,ALG1069
4201,8022RL,Mombaerstraat,53,,ALG1069
4202,8022RL,Mombaerstraat,55,,ALG1069
4203,8022RL,Mombaerstraat,57,,ALG1069
4204,8022RL,Mombaerstraat,59,,ALG1069
4205,8022RL,Mombaerstraat,61,,ALG1069
4206,8022RL,Mombaerstraat,63,,ALG1069
4000,8031WK,Kuhnaustraat,11,,ALG1066
4001,8031WK,Frobergerstraat,34,,ALG1066
4003,8031WK,Frobergerstraat,38,,ALG1066
4004,8031WK,Frobergerstraat,40,,ALG1066
4005,8031WK,Frobergerstraat,42,,ALG1066
4006,8031WK,Frobergerstraat,44,,ALG1066
4007,8031WK,Frobergerstraat,46,,ALG1066
4008,8031WK,Frobergerstraat,48,,ALG1066
4009,8031WK,Frobergerstraat,50,,ALG1066
3998,8031WK,Kuhnaustraat,7,,ALG1066
3999,8031WK,Kuhnaustraat,9,,ALG1066
4034,8031WL,Frobergerstraat,100,,ALG1066
4010,8031WL,Frobergerstraat,52,,ALG1066
4011,8031WL,Frobergerstraat,54,,ALG1066
4012,8031WL,Frobergerstraat,56,,ALG1066
4015,8031WL,Frobergerstraat,62,,ALG1066
4016,8031WL,Frobergerstraat,64,,ALG1066
4017,8031WL,Frobergerstraat,66,,ALG1066
4018,8031WL,Frobergerstraat,68,,ALG1066
4020,8031WL,Frobergerstraat,72,,ALG1066
4022,8031WL,Frobergerstraat,76,,ALG1066
4023,8031WL,Frobergerstraat,78,,ALG1066
4024,8031WL,Frobergerstraat,80,,ALG1066
4025,8031WL,Frobergerstraat,82,,ALG1066
4026,8031WL,Frobergerstraat,84,,ALG1066
4027,8031WL,Frobergerstraat,86,,ALG1066
4028,8031WL,Frobergerstraat,88,,ALG1066
4029,8031WL,Frobergerstraat,90,,ALG1066
4031,8031WL,Frobergerstraat,94,,ALG1066
4037,8031WN,Frobergerstraat,106,,ALG1066
4038,8031WN,Frobergerstraat,108,,ALG1066
4040,8031WN,Frobergerstraat,112,,ALG1066
4041,8031WN,Frobergerstraat,114,,ALG1066
4042,8031WN,Frobergerstraat,116,,ALG1066
4043,8031WN,Frobergerstraat,118,,ALG1066
4044,8031WN,Frobergerstraat,120,,ALG1066
4045,8031WN,Frobergerstraat,122,,ALG1066
4046,8031WN,Frobergerstraat,124,,ALG1066
4047,8031WN,Frobergerstraat,126,,ALG1066
4091,8031WP,Purcellstraat,41,,ALG1066
4095,8031WP,Purcellstraat,45,,ALG1066
4097,8031WP,Purcellstraat,47,,ALG1066
4099,8031WP,Purcellstraat,49,,ALG1066
4100,8031WR,Purcellstraat,51,,ALG1066
4101,8031WR,Purcellstraat,53,,ALG1066
4102,8031WR,Purcellstraat,55,,ALG1066
4103,8031WR,Purcellstraat,57,,ALG1066
4104,8031WR,Purcellstraat,59,,ALG1066
4105,8031WR,Purcellstraat,61,,ALG1066
4106,8031WR,Purcellstraat,63,,ALG1066
4107,8031WR,Purcellstraat,65,,ALG1066
4108,8031WR,Purcellstraat,67,,ALG1066
4109,8031WR,Purcellstraat,69,,ALG1066
4111,8031WR,Purcellstraat,73,,ALG1066
4114,8031WR,Purcellstraat,79,,ALG1066
4115,8031WR,Purcellstraat,81,,ALG1066
4075,8031WS,Purcellstraat,10,,ALG1066
4077,8031WS,Purcellstraat,14,,ALG1066
4071,8031WS,Purcellstraat,2,,ALG1066
4080,8031WS,Purcellstraat,20,,ALG1066
4081,8031WS,Purcellstraat,22,,ALG1066
4082,8031WS,Purcellstraat,24,,ALG1066
4083,8031WS,Purcellstraat,26,,ALG1066
4084,8031WS,Purcellstraat,28,,ALG1066
4085,8031WS,Purcellstraat,30,,ALG1066
4086,8031WS,Purcellstraat,32,,ALG1066
4088,8031WS,Purcellstraat,36,,ALG1066
4089,8031WS,Purcellstraat,38,,ALG1066
4072,8031WS,Purcellstraat,4,,ALG1066
4090,8031WS,Purcellstraat,40,,ALG1066
4094,8031WS,Purcellstraat,44,,ALG1066
4098,8031WS,Purcellstraat,48,,ALG1066
4073,8031WS,Purcellstraat,6,,ALG1066
4050,8031XB,Lassuslaan,43,,ALG1066
4051,8031XB,Lassuslaan,45,,ALG1066
4053,8031XB,Lassuslaan,49,,ALG1066
4055,8031XB,Lassuslaan,55,,ALG1066
4060,8031XC,Lassuslaan,101,,ALG1066
4061,8031XC,Lassuslaan,103,,ALG1066
4056,8031XC,Lassuslaan,93,,ALG1066
4057,8031XC,Lassuslaan,95,,ALG1066
4058,8031XC,Lassuslaan,97,,ALG1066
4059,8031XC,Lassuslaan,99,,ALG1066
4063,8031XD,Lassuslaan,145,,ALG1066
4064,8031XD,Lassuslaan,147,,ALG1066
4066,8031XD,Lassuslaan,151,,ALG1066
4067,8031XD,Lassuslaan,153,,ALG1066
4068,8031XD,Lassuslaan,155,,ALG1066
4069,8031XD,Lassuslaan,157,,ALG1066
4070,8031XD,Lassuslaan,159,,ALG1066
4150,8031XN,Lassuslaan,240,,ALG1068
4151,8031XN,Lassuslaan,242,,ALG1068
4152,8031XN,Lassuslaan,244,,ALG1068
4153,8031XN,Lassuslaan,246,,ALG1068
4154,8031XN,Lassuslaan,248,,ALG1068
4155,8031XN,Lassuslaan,250,,ALG1068
4160,8031XP,Lassuslaan,260,,ALG1068
4161,8031XP,Lassuslaan,262,,ALG1068
4163,8031XP,Lassuslaan,266,,ALG1068
4164,8031XP,Lassuslaan,268,,ALG1068
4166,8031XP,Lassuslaan,272,,ALG1068
4168,8031XP,Lassuslaan,276,,ALG1068
4169,8031XP,Lassuslaan,278,,ALG1068
4170,8031XP,Lassuslaan,280,,ALG1068
4171,8031XP,Lassuslaan,282,,ALG1068
4172,8031XP,Lassuslaan,284,,ALG1068
4176,8031XR,Lassuslaan,292,,ALG1068
4177,8031XR,Lassuslaan,294,,ALG1068
4181,8031XR,Lassuslaan,302,,ALG1068
4182,8031XR,Lassuslaan,304,,ALG1068
4183,8031XR,Lassuslaan,306,,ALG1068
4184,8031XR,Lassuslaan,308,,ALG1068
5217,8011VG,Pletterstraat,11,,ALG1079
5218,8011VG,Pletterstraat,13,,ALG1079
5219,8011VG,Pletterstraat,15,,ALG1079
5220,8011VG,Pletterstraat,17,,ALG1079
5221,8011VG,Pletterstraat,19,,ALG1079
5222,8011VG,Pletterstraat,21,,ALG1079
5223,8011VG,Pletterstraat,23,,ALG1079
5224,8011VG,Pletterstraat,25,,ALG1079
5225,8011VG,Pletterstraat,27,,ALG1079
5226,8011VG,Pletterstraat,29,,ALG1079
5227,8011VG,Pletterstraat,31,,ALG1079
5228,8011VG,Pletterstraat,33,,ALG1079
5229,8011VG,Pletterstraat,35,,ALG1079
5230,8011VG,Pletterstraat,37,,ALG1079
5231,8011VG,Pletterstraat,39,,ALG1079
5215,8011VG,Pletterstraat,7,,ALG1079
5216,8011VG,Pletterstraat,9,,ALG1079
4211,8021BZ,Warmoesstraat,10,,ALG1070
4212,8021BZ,Warmoesstraat,12,,ALG1070
4213,8021BZ,Warmoesstraat,14,,ALG1070
4214,8021BZ,Warmoesstraat,16,,ALG1070
4215,8021BZ,Warmoesstraat,18,,ALG1070
4207,8021BZ,Warmoesstraat,2,,ALG1070
4216,8021BZ,Warmoesstraat,20,,ALG1070
4217,8021BZ,Warmoesstraat,22,,ALG1070
4218,8021BZ,Warmoesstraat,24,,ALG1070
4219,8021BZ,Warmoesstraat,26,,ALG1070
4220,8021BZ,Warmoesstraat,28,,ALG1070
4221,8021BZ,Warmoesstraat,30,,ALG1070
4222,8021BZ,Warmoesstraat,32,,ALG1070
4223,8021BZ,Warmoesstraat,34,,ALG1070
4224,8021BZ,Warmoesstraat,36,,ALG1070
4225,8021BZ,Warmoesstraat,38,,ALG1070
4208,8021BZ,Warmoesstraat,4,,ALG1070
4226,8021BZ,Warmoesstraat,40,,ALG1070
4227,8021BZ,Warmoesstraat,42,,ALG1070
4209,8021BZ,Warmoesstraat,6,,ALG1070
4210,8021BZ,Warmoesstraat,8,,ALG1070
4757,8021WV,Eikenstraat,41,,ALG1073